A1,A2,A3,A4,A5,A6,A7,A8,A9,A10,A11,A12,A13,A14,A15,class
b,'(-inf-38.96]','(-inf-4.2075]',u,g,w,v,'(1.02-inf)',t,t,'(0.5-2.5]',f,g,'(105-inf)','(-inf-492]',y
a,'(38.96-inf)','(4.2075-inf)',u,g,q,h,'(1.02-inf)',t,t,'(2.5-inf)',f,g,'(-inf-105]','(492-inf)',y
a,'(-inf-38.96]','(-inf-4.2075]',u,g,q,h,'(1.02-inf)',t,f,'(-inf-0.5]',f,g,'(105-inf)','(492-inf)',y
b,'(-inf-38.96]','(-inf-4.2075]',u,g,w,v,'(1.02-inf)',t,t,'(2.5-inf)',t,g,'(-inf-105]','(-inf-492]',y
b,'(-inf-38.96]','(4.2075-inf)',u,g,w,v,'(1.02-inf)',t,f,'(-inf-0.5]',f,s,'(105-inf)','(-inf-492]',y
b,'(-inf-38.96]','(-inf-4.2075]',u,g,m,v,'(1.02-inf)',t,f,'(-inf-0.5]',t,g,'(105-inf)','(-inf-492]',y
b,'(-inf-38.96]','(-inf-4.2075]',u,g,r,h,'(1.02-inf)',t,f,'(-inf-0.5]',t,g,'(105-inf)','(492-inf)',y
a,'(-inf-38.96]','(4.2075-inf)',u,g,cc,v,'(-inf-1.02]',t,f,'(-inf-0.5]',f,g,'(-inf-105]','(492-inf)',y
b,'(38.96-inf)','(-inf-4.2075]',y,p,k,h,'(1.02-inf)',t,f,'(-inf-0.5]',f,g,'(105-inf)','(-inf-492]',y
b,'(38.96-inf)','(4.2075-inf)',y,p,w,v,'(1.02-inf)',t,f,'(-inf-0.5]',t,g,'(-inf-105]','(492-inf)',y
b,'(-inf-38.96]','(-inf-4.2075]',u,g,c,h,'(1.02-inf)',f,f,'(-inf-0.5]',t,g,'(105-inf)','(-inf-492]',y
b,'(-inf-38.96]','(-inf-4.2075]',u,g,c,h,'(1.02-inf)',t,f,'(-inf-0.5]',f,g,'(105-inf)','(-inf-492]',y
a,'(-inf-38.96]','(4.2075-inf)',u,g,k,v,'(-inf-1.02]',t,f,'(-inf-0.5]',t,g,'(-inf-105]','(-inf-492]',y
b,'(38.96-inf)','(4.2075-inf)',u,g,k,v,'(-inf-1.02]',f,f,'(-inf-0.5]',f,g,'(-inf-105]','(492-inf)',y
a,'(38.96-inf)','(4.2075-inf)',u,g,q,v,'(1.02-inf)',t,t,'(2.5-inf)',t,g,'(-inf-105]','(-inf-492]',y
b,'(-inf-38.96]','(4.2075-inf)',y,p,k,v,'(-inf-1.02]',t,t,'(2.5-inf)',t,g,'(105-inf)','(-inf-492]',y
b,'(-inf-38.96]','(-inf-4.2075]',u,g,m,v,'(-inf-1.02]',t,t,'(2.5-inf)',t,g,'(105-inf)','(-inf-492]',y
a,'(-inf-38.96]','(4.2075-inf)',u,g,q,v,'(1.02-inf)',t,t,'(2.5-inf)',f,g,'(105-inf)','(-inf-492]',y
b,'(-inf-38.96]','(-inf-4.2075]',u,g,d,h,'(-inf-1.02]',t,f,'(-inf-0.5]',t,g,'(-inf-105]','(-inf-492]',y
a,'(-inf-38.96]','(4.2075-inf)',u,g,cc,h,'(-inf-1.02]',t,t,'(2.5-inf)',f,g,'(-inf-105]','(-inf-492]',y
b,'(-inf-38.96]','(4.2075-inf)',u,g,c,v,'(1.02-inf)',t,t,'(2.5-inf)',f,g,'(105-inf)','(492-inf)',y
b,'(-inf-38.96]','(-inf-4.2075]',u,g,c,v,'(-inf-1.02]',t,f,'(-inf-0.5]',f,s,'(105-inf)','(-inf-492]',y
a,'(38.96-inf)','(4.2075-inf)',u,g,c,v,'(1.02-inf)',t,t,'(2.5-inf)',t,g,'(-inf-105]','(492-inf)',y
a,'(-inf-38.96]','(4.2075-inf)',u,g,x,h,'(1.02-inf)',t,t,'(0.5-2.5]',f,g,'(105-inf)','(-inf-492]',y
a,'(38.96-inf)','(4.2075-inf)',u,g,q,v,'(-inf-1.02]',t,t,'(2.5-inf)',t,g,'(105-inf)','(-inf-492]',y
a,'(-inf-38.96]','(-inf-4.2075]',u,g,c,h,'(1.02-inf)',t,t,'(0.5-2.5]',f,g,'(-inf-105]','(-inf-492]',y
a,'(38.96-inf)','(4.2075-inf)',u,g,i,bb,'(1.02-inf)',t,t,'(2.5-inf)',t,g,'(-inf-105]','(-inf-492]',y
b,'(38.96-inf)','(4.2075-inf)',u,g,d,bb,'(1.02-inf)',t,t,'(2.5-inf)',t,g,'(-inf-105]','(-inf-492]',y
b,'(38.96-inf)','(4.2075-inf)',u,g,e,h,'(1.02-inf)',t,t,'(2.5-inf)',f,g,'(-inf-105]','(-inf-492]',y
b,'(38.96-inf)','(-inf-4.2075]',u,g,w,v,'(1.02-inf)',t,t,'(2.5-inf)',t,g,'(105-inf)','(492-inf)',y
b,'(-inf-38.96]','(4.2075-inf)',u,g,aa,v,'(1.02-inf)',t,t,'(2.5-inf)',t,g,'(105-inf)','(-inf-492]',y
b,'(38.96-inf)','(4.2075-inf)',u,g,x,h,'(1.02-inf)',t,t,'(2.5-inf)',f,g,'(-inf-105]','(-inf-492]',y
b,'(38.96-inf)','(4.2075-inf)',u,g,i,bb,'(1.02-inf)',t,t,'(2.5-inf)',t,g,'(-inf-105]','(492-inf)',y
a,'(-inf-38.96]','(4.2075-inf)',u,g,e,v,'(1.02-inf)',t,f,'(-inf-0.5]',t,g,'(-inf-105]','(492-inf)',y
a,'(-inf-38.96]','(4.2075-inf)',u,g,q,v,'(-inf-1.02]',t,t,'(2.5-inf)',t,g,'(-inf-105]','(492-inf)',y
b,'(-inf-38.96]','(-inf-4.2075]',u,g,w,v,'(1.02-inf)',t,t,'(2.5-inf)',t,g,'(105-inf)','(-inf-492]',y
b,'(-inf-38.96]','(-inf-4.2075]',u,g,cc,h,'(1.02-inf)',t,t,'(2.5-inf)',t,g,'(105-inf)','(492-inf)',y
a,'(-inf-38.96]','(4.2075-inf)',u,g,x,h,'(-inf-1.02]',t,t,'(0.5-2.5]',t,g,'(105-inf)','(492-inf)',y
b,'(-inf-38.96]','(-inf-4.2075]',y,p,cc,v,'(-inf-1.02]',t,t,'(0.5-2.5]',f,g,'(105-inf)','(492-inf)',y
b,'(38.96-inf)','(4.2075-inf)',u,g,ff,ff,'(1.02-inf)',t,t,'(2.5-inf)',t,g,'(-inf-105]','(-inf-492]',y
b,'(-inf-38.96]','(4.2075-inf)',u,g,c,v,'(1.02-inf)',t,t,'(2.5-inf)',t,g,'(-inf-105]','(-inf-492]',y
b,'(-inf-38.96]','(4.2075-inf)',u,g,c,h,'(1.02-inf)',t,t,'(2.5-inf)',f,g,'(-inf-105]','(492-inf)',y
b,'(-inf-38.96]','(-inf-4.2075]',u,g,w,h,'(-inf-1.02]',t,t,'(0.5-2.5]',f,g,'(105-inf)','(-inf-492]',y
b,'(38.96-inf)','(4.2075-inf)',u,g,w,v,'(1.02-inf)',t,t,'(2.5-inf)',t,g,'(-inf-105]','(-inf-492]',y
b,'(38.96-inf)','(4.2075-inf)',y,p,c,v,'(1.02-inf)',t,t,'(2.5-inf)',f,g,'(-inf-105]','(-inf-492]',y
b,'(38.96-inf)','(4.2075-inf)',u,g,c,h,'(1.02-inf)',t,t,'(2.5-inf)',t,g,'(-inf-105]','(-inf-492]',y
a,'(38.96-inf)','(-inf-4.2075]',y,p,q,h,'(-inf-1.02]',t,t,'(2.5-inf)',t,g,'(105-inf)','(492-inf)',y
b,'(-inf-38.96]','(4.2075-inf)',u,g,cc,h,'(1.02-inf)',t,t,'(2.5-inf)',f,g,'(105-inf)','(-inf-492]',y
b,'(38.96-inf)','(-inf-4.2075]',u,g,i,bb,'(1.02-inf)',f,f,'(-inf-0.5]',f,g,'(105-inf)','(-inf-492]',y
b,'(-inf-38.96]','(-inf-4.2075]',u,g,c,v,'(-inf-1.02]',f,f,'(-inf-0.5]',f,g,'(-inf-105]','(-inf-492]',y
a,'(-inf-38.96]','(-inf-4.2075]',u,g,c,h,'(-inf-1.02]',t,f,'(-inf-0.5]',t,g,'(105-inf)','(-inf-492]',y
b,'(-inf-38.96]','(-inf-4.2075]',u,g,q,v,'(1.02-inf)',t,f,'(-inf-0.5]',t,g,'(105-inf)','(-inf-492]',y
b,'(-inf-38.96]','(-inf-4.2075]',u,g,w,v,'(-inf-1.02]',t,f,'(-inf-0.5]',t,g,'(105-inf)','(492-inf)',y
b,'(-inf-38.96]','(-inf-4.2075]',u,g,w,v,'(-inf-1.02]',t,f,'(-inf-0.5]',t,g,'(105-inf)','(-inf-492]',y
b,'(-inf-38.96]','(-inf-4.2075]',u,g,cc,h,'(1.02-inf)',t,f,'(-inf-0.5]',t,g,'(-inf-105]','(-inf-492]',y
b,'(-inf-38.96]','(4.2075-inf)',y,p,w,v,'(-inf-1.02]',t,f,'(-inf-0.5]',t,g,'(105-inf)','(-inf-492]',y
b,'(-inf-38.96]','(-inf-4.2075]',u,g,cc,v,'(-inf-1.02]',t,f,'(-inf-0.5]',f,g,'(-inf-105]','(-inf-492]',y
b,'(38.96-inf)','(-inf-4.2075]',u,g,i,h,'(1.02-inf)',t,f,'(-inf-0.5]',t,g,'(105-inf)','(-inf-492]',y
b,'(-inf-38.96]','(4.2075-inf)',u,g,x,h,'(1.02-inf)',f,f,'(-inf-0.5]',t,s,'(105-inf)','(-inf-492]',y
b,'(38.96-inf)','(-inf-4.2075]',u,g,q,h,'(1.02-inf)',t,t,'(2.5-inf)',f,g,'(-inf-105]','(-inf-492]',y
b,'(38.96-inf)','(4.2075-inf)',u,g,m,v,'(1.02-inf)',t,t,'(2.5-inf)',t,g,'(105-inf)','(-inf-492]',y
b,'(-inf-38.96]','(4.2075-inf)',u,g,d,v,'(1.02-inf)',t,t,'(2.5-inf)',f,g,'(105-inf)','(492-inf)',y
a,'(-inf-38.96]','(-inf-4.2075]',y,p,q,v,'(1.02-inf)',t,t,'(0.5-2.5]',t,g,'(-inf-105]','(-inf-492]',y
a,'(-inf-38.96]','(-inf-4.2075]',u,g,q,v,'(1.02-inf)',t,t,'(0.5-2.5]',f,g,'(-inf-105]','(-inf-492]',y
b,'(-inf-38.96]','(4.2075-inf)',u,g,cc,v,'(1.02-inf)',t,t,'(0.5-2.5]',t,g,'(105-inf)','(-inf-492]',y
b,'(-inf-38.96]','(-inf-4.2075]',u,g,cc,v,'(1.02-inf)',t,t,'(0.5-2.5]',t,g,'(105-inf)','(492-inf)',y
a,'(-inf-38.96]','(-inf-4.2075]',u,g,c,v,'(1.02-inf)',t,t,'(2.5-inf)',f,g,'(-inf-105]','(-inf-492]',y
b,'(-inf-38.96]','(-inf-4.2075]',u,g,m,v,'(-inf-1.02]',t,t,'(2.5-inf)',f,g,'(105-inf)','(492-inf)',y
b,'(-inf-38.96]','(4.2075-inf)',u,g,w,h,'(1.02-inf)',t,t,'(2.5-inf)',f,g,'(-inf-105]','(492-inf)',y
b,'(-inf-38.96]','(4.2075-inf)',u,g,x,h,'(1.02-inf)',t,t,'(0.5-2.5]',t,g,'(105-inf)','(492-inf)',y
b,'(-inf-38.96]','(4.2075-inf)',u,g,e,bb,'(1.02-inf)',t,f,'(-inf-0.5]',t,s,'(105-inf)','(-inf-492]',n
b,'(-inf-38.96]','(-inf-4.2075]',u,g,d,bb,'(1.02-inf)',t,f,'(-inf-0.5]',t,g,missing,'(-inf-492]',n
a,'(-inf-38.96]','(4.2075-inf)',u,g,cc,v,'(1.02-inf)',t,f,'(-inf-0.5]',t,g,'(105-inf)','(-inf-492]',n
b,'(38.96-inf)','(-inf-4.2075]',u,g,m,v,'(1.02-inf)',t,f,'(-inf-0.5]',f,s,'(105-inf)','(-inf-492]',n
b,'(38.96-inf)','(4.2075-inf)',y,p,c,v,'(1.02-inf)',f,f,'(-inf-0.5]',f,g,'(105-inf)','(-inf-492]',n
b,'(-inf-38.96]','(4.2075-inf)',u,g,q,v,'(-inf-1.02]',t,t,'(0.5-2.5]',f,g,'(105-inf)','(-inf-492]',n
b,'(-inf-38.96]','(4.2075-inf)',u,g,aa,v,'(-inf-1.02]',t,f,'(-inf-0.5]',t,g,'(105-inf)','(-inf-492]',n
a,'(-inf-38.96]','(-inf-4.2075]',y,p,aa,v,'(-inf-1.02]',t,f,'(-inf-0.5]',t,g,'(105-inf)','(-inf-492]',n
b,'(-inf-38.96]','(-inf-4.2075]',y,p,k,v,'(1.02-inf)',t,t,'(0.5-2.5]',f,g,'(105-inf)','(-inf-492]',n
b,'(-inf-38.96]','(4.2075-inf)',u,g,c,v,'(-inf-1.02]',t,f,'(-inf-0.5]',f,g,'(105-inf)','(-inf-492]',n
b,'(38.96-inf)','(4.2075-inf)',u,g,ff,ff,'(-inf-1.02]',t,t,'(0.5-2.5]',f,g,'(-inf-105]','(-inf-492]',n
a,'(-inf-38.96]','(-inf-4.2075]',u,g,m,v,'(1.02-inf)',t,f,'(-inf-0.5]',f,s,'(105-inf)','(-inf-492]',n
b,'(38.96-inf)','(-inf-4.2075]',u,g,m,v,'(-inf-1.02]',t,f,'(-inf-0.5]',f,s,'(105-inf)','(-inf-492]',n
a,missing,'(-inf-4.2075]',u,g,d,v,'(1.02-inf)',t,f,'(-inf-0.5]',t,g,'(105-inf)','(-inf-492]',n
b,'(-inf-38.96]','(-inf-4.2075]',u,g,aa,v,'(-inf-1.02]',t,f,'(-inf-0.5]',t,g,'(105-inf)','(-inf-492]',n
b,'(-inf-38.96]','(-inf-4.2075]',u,g,c,bb,'(1.02-inf)',t,f,'(-inf-0.5]',t,s,'(105-inf)','(-inf-492]',n
b,missing,'(-inf-4.2075]',u,g,d,v,'(-inf-1.02]',t,f,'(-inf-0.5]',t,s,'(105-inf)','(-inf-492]',n
b,'(-inf-38.96]','(-inf-4.2075]',y,p,aa,v,'(1.02-inf)',t,f,'(-inf-0.5]',f,g,'(105-inf)','(-inf-492]',n
b,'(-inf-38.96]','(4.2075-inf)',u,g,aa,v,'(-inf-1.02]',t,f,'(-inf-0.5]',t,g,'(105-inf)','(-inf-492]',n
a,'(38.96-inf)','(-inf-4.2075]',u,g,j,j,'(-inf-1.02]',t,f,'(-inf-0.5]',t,g,'(-inf-105]','(-inf-492]',n
b,'(38.96-inf)','(4.2075-inf)',y,p,c,h,'(1.02-inf)',t,f,'(-inf-0.5]',f,g,'(105-inf)','(-inf-492]',n
b,'(-inf-38.96]','(4.2075-inf)',u,g,c,v,'(-inf-1.02]',t,f,'(-inf-0.5]',f,g,'(105-inf)','(-inf-492]',n
b,missing,'(4.2075-inf)',y,p,aa,v,'(1.02-inf)',t,f,'(-inf-0.5]',f,g,'(-inf-105]','(-inf-492]',n
b,'(38.96-inf)','(-inf-4.2075]',y,p,c,h,'(1.02-inf)',t,f,'(-inf-0.5]',t,g,'(105-inf)','(-inf-492]',n
b,'(-inf-38.96]','(-inf-4.2075]',y,p,c,v,'(1.02-inf)',t,f,'(-inf-0.5]',t,g,'(-inf-105]','(-inf-492]',n
a,'(-inf-38.96]','(-inf-4.2075]',u,g,i,bb,'(-inf-1.02]',t,f,'(-inf-0.5]',t,g,'(105-inf)','(-inf-492]',n
b,'(-inf-38.96]','(-inf-4.2075]',y,p,aa,v,'(-inf-1.02]',t,f,'(-inf-0.5]',f,g,'(105-inf)','(-inf-492]',n
b,missing,'(-inf-4.2075]',u,g,c,bb,'(-inf-1.02]',t,f,'(-inf-0.5]',t,s,'(105-inf)','(-inf-492]',n
a,'(-inf-38.96]','(4.2075-inf)',y,p,q,v,'(1.02-inf)',t,f,'(-inf-0.5]',t,g,'(105-inf)','(-inf-492]',n
a,'(-inf-38.96]','(-inf-4.2075]',u,g,q,v,'(-inf-1.02]',t,t,'(0.5-2.5]',t,g,'(105-inf)','(492-inf)',n
b,'(-inf-38.96]','(-inf-4.2075]',y,p,c,bb,'(-inf-1.02]',t,f,'(-inf-0.5]',t,g,'(105-inf)','(-inf-492]',n
b,'(-inf-38.96]','(4.2075-inf)',y,p,c,v,'(1.02-inf)',t,f,'(-inf-0.5]',f,g,'(-inf-105]','(-inf-492]',n
b,'(-inf-38.96]','(4.2075-inf)',u,g,q,v,'(-inf-1.02]',t,t,'(0.5-2.5]',f,g,'(-inf-105]','(-inf-492]',n
b,'(-inf-38.96]','(4.2075-inf)',u,g,k,v,'(1.02-inf)',t,t,'(0.5-2.5]',t,g,'(105-inf)','(-inf-492]',n
b,'(-inf-38.96]','(-inf-4.2075]',y,p,i,h,'(1.02-inf)',t,t,'(0.5-2.5]',t,g,'(-inf-105]','(-inf-492]',n
b,'(38.96-inf)','(4.2075-inf)',u,g,e,z,'(-inf-1.02]',t,t,'(2.5-inf)',f,g,'(105-inf)','(-inf-492]',n
b,'(-inf-38.96]','(-inf-4.2075]',u,g,k,v,'(-inf-1.02]',t,f,'(-inf-0.5]',f,s,'(105-inf)','(-inf-492]',n
a,'(-inf-38.96]','(4.2075-inf)',y,p,aa,v,'(1.02-inf)',t,f,'(-inf-0.5]',f,g,'(105-inf)','(-inf-492]',n
b,'(38.96-inf)','(-inf-4.2075]',y,p,x,h,'(1.02-inf)',t,f,'(-inf-0.5]',t,g,'(105-inf)','(-inf-492]',n
a,'(-inf-38.96]','(-inf-4.2075]',u,g,c,v,'(-inf-1.02]',t,t,'(2.5-inf)',t,g,'(105-inf)','(-inf-492]',n
b,'(-inf-38.96]','(-inf-4.2075]',u,g,w,v,'(1.02-inf)',t,t,'(2.5-inf)',t,g,'(105-inf)','(-inf-492]',n
a,'(-inf-38.96]','(-inf-4.2075]',y,p,ff,ff,'(-inf-1.02]',t,t,'(2.5-inf)',f,g,'(105-inf)','(-inf-492]',n
b,'(-inf-38.96]','(4.2075-inf)',u,g,w,v,'(-inf-1.02]',t,f,'(-inf-0.5]',t,g,'(105-inf)','(-inf-492]',n
a,'(-inf-38.96]','(-inf-4.2075]',u,g,k,bb,'(-inf-1.02]',t,t,'(2.5-inf)',t,g,'(105-inf)','(-inf-492]',n
b,'(-inf-38.96]','(-inf-4.2075]',y,p,c,h,'(1.02-inf)',t,t,'(2.5-inf)',t,g,'(105-inf)','(-inf-492]',n
a,'(-inf-38.96]','(-inf-4.2075]',u,g,q,v,'(1.02-inf)',t,t,'(0.5-2.5]',f,g,'(105-inf)','(-inf-492]',n
b,'(-inf-38.96]','(4.2075-inf)',u,g,q,h,'(1.02-inf)',t,t,'(2.5-inf)',t,g,'(105-inf)','(-inf-492]',n
b,'(38.96-inf)','(4.2075-inf)',u,g,k,v,'(1.02-inf)',t,t,'(2.5-inf)',f,g,'(-inf-105]','(492-inf)',y
b,'(38.96-inf)','(4.2075-inf)',u,g,m,v,'(1.02-inf)',t,t,'(2.5-inf)',t,g,'(105-inf)','(492-inf)',y
a,'(-inf-38.96]','(4.2075-inf)',u,g,cc,h,'(-inf-1.02]',t,t,'(0.5-2.5]',t,g,'(-inf-105]','(-inf-492]',y
b,'(38.96-inf)','(4.2075-inf)',u,g,q,v,'(-inf-1.02]',t,t,'(0.5-2.5]',f,g,'(105-inf)','(-inf-492]',y
b,'(-inf-38.96]','(4.2075-inf)',u,g,cc,v,'(1.02-inf)',t,t,'(2.5-inf)',t,g,'(105-inf)','(-inf-492]',y
a,'(-inf-38.96]','(4.2075-inf)',u,g,aa,v,'(1.02-inf)',t,t,'(2.5-inf)',t,g,'(105-inf)','(492-inf)',y
a,'(38.96-inf)','(4.2075-inf)',u,g,q,v,'(1.02-inf)',t,t,'(2.5-inf)',t,g,'(-inf-105]','(-inf-492]',y
a,'(-inf-38.96]','(4.2075-inf)',u,g,q,v,'(1.02-inf)',t,t,'(2.5-inf)',t,g,'(105-inf)','(-inf-492]',y
b,'(-inf-38.96]','(4.2075-inf)',u,g,x,h,'(1.02-inf)',t,t,'(2.5-inf)',t,g,'(-inf-105]','(492-inf)',y
b,'(38.96-inf)','(-inf-4.2075]',u,g,m,bb,'(1.02-inf)',t,t,'(2.5-inf)',t,g,'(105-inf)','(492-inf)',y
b,'(-inf-38.96]','(4.2075-inf)',u,g,q,v,'(1.02-inf)',t,t,'(2.5-inf)',t,g,'(-inf-105]','(492-inf)',y
b,'(-inf-38.96]','(4.2075-inf)',u,g,i,bb,'(1.02-inf)',t,t,'(0.5-2.5]',f,g,'(105-inf)','(492-inf)',y
a,'(-inf-38.96]','(-inf-4.2075]',u,g,w,v,'(-inf-1.02]',t,f,'(-inf-0.5]',f,s,'(105-inf)','(-inf-492]',y
b,'(38.96-inf)','(4.2075-inf)',u,g,e,z,'(1.02-inf)',t,t,'(0.5-2.5]',t,g,'(-inf-105]','(-inf-492]',y
b,'(-inf-38.96]','(-inf-4.2075]',u,g,c,v,'(1.02-inf)',t,t,'(0.5-2.5]',f,g,'(-inf-105]','(-inf-492]',y
a,'(38.96-inf)','(4.2075-inf)',u,g,e,bb,'(1.02-inf)',t,t,'(2.5-inf)',f,g,'(105-inf)','(492-inf)',y
b,'(-inf-38.96]','(4.2075-inf)',u,g,c,bb,'(1.02-inf)',t,t,'(2.5-inf)',f,g,'(-inf-105]','(-inf-492]',y
b,'(-inf-38.96]','(4.2075-inf)',u,g,q,h,'(1.02-inf)',t,t,'(2.5-inf)',t,g,'(105-inf)','(492-inf)',y
b,'(38.96-inf)','(4.2075-inf)',u,g,q,h,'(1.02-inf)',t,f,'(-inf-0.5]',t,g,'(105-inf)','(-inf-492]',y
b,'(38.96-inf)','(-inf-4.2075]',y,p,aa,v,'(-inf-1.02]',t,t,'(2.5-inf)',f,g,'(105-inf)','(492-inf)',y
b,'(-inf-38.96]','(-inf-4.2075]',u,g,m,v,'(1.02-inf)',t,t,'(2.5-inf)',f,g,'(105-inf)','(-inf-492]',y
a,'(-inf-38.96]','(4.2075-inf)',u,g,w,v,'(1.02-inf)',t,t,'(2.5-inf)',t,g,'(-inf-105]','(492-inf)',y
a,'(-inf-38.96]','(4.2075-inf)',u,g,q,h,'(1.02-inf)',t,t,'(0.5-2.5]',f,g,'(-inf-105]','(492-inf)',y
a,'(-inf-38.96]','(-inf-4.2075]',u,g,cc,h,'(-inf-1.02]',t,t,'(2.5-inf)',t,g,'(105-inf)','(-inf-492]',y
a,'(38.96-inf)','(4.2075-inf)',u,g,j,ff,'(-inf-1.02]',t,t,'(2.5-inf)',f,g,'(-inf-105]','(-inf-492]',y
b,'(38.96-inf)','(-inf-4.2075]',y,p,cc,h,'(1.02-inf)',t,t,'(2.5-inf)',f,g,'(-inf-105]','(-inf-492]',y
b,'(-inf-38.96]','(4.2075-inf)',u,g,w,v,'(1.02-inf)',t,t,'(0.5-2.5]',f,g,'(-inf-105]','(-inf-492]',y
b,'(-inf-38.96]','(-inf-4.2075]',u,g,cc,h,'(1.02-inf)',t,t,'(2.5-inf)',f,g,'(105-inf)','(492-inf)',y
b,'(-inf-38.96]','(-inf-4.2075]',u,g,cc,h,'(1.02-inf)',t,t,'(2.5-inf)',f,g,'(105-inf)','(492-inf)',y
b,'(-inf-38.96]','(-inf-4.2075]',u,g,q,v,'(1.02-inf)',t,t,'(2.5-inf)',t,g,'(-inf-105]','(492-inf)',y
a,'(38.96-inf)','(4.2075-inf)',y,p,q,h,'(1.02-inf)',t,t,'(2.5-inf)',f,g,'(-inf-105]','(492-inf)',y
a,'(-inf-38.96]','(4.2075-inf)',u,g,c,bb,'(1.02-inf)',t,t,'(2.5-inf)',t,g,'(-inf-105]','(492-inf)',y
a,'(38.96-inf)','(4.2075-inf)',u,g,c,v,'(1.02-inf)',t,t,'(2.5-inf)',f,g,'(-inf-105]','(492-inf)',y
a,'(38.96-inf)','(-inf-4.2075]',u,g,cc,h,'(-inf-1.02]',t,t,'(2.5-inf)',t,g,'(105-inf)','(-inf-492]',y
a,'(38.96-inf)','(4.2075-inf)',u,g,q,v,'(1.02-inf)',t,t,'(2.5-inf)',f,g,'(-inf-105]','(492-inf)',y
b,'(-inf-38.96]','(4.2075-inf)',u,g,m,h,'(1.02-inf)',t,t,'(2.5-inf)',t,g,'(-inf-105]','(-inf-492]',y
b,'(-inf-38.96]','(-inf-4.2075]',u,g,c,v,'(1.02-inf)',t,t,'(2.5-inf)',t,g,'(-inf-105]','(492-inf)',y
b,'(-inf-38.96]','(-inf-4.2075]',u,g,cc,h,'(1.02-inf)',t,t,'(2.5-inf)',t,g,'(-inf-105]','(-inf-492]',y
a,'(-inf-38.96]','(4.2075-inf)',y,p,j,j,'(-inf-1.02]',t,t,'(2.5-inf)',t,g,'(-inf-105]','(-inf-492]',y
a,'(-inf-38.96]','(-inf-4.2075]',y,p,x,h,'(1.02-inf)',t,t,'(0.5-2.5]',f,g,'(-inf-105]','(-inf-492]',y
a,'(38.96-inf)','(4.2075-inf)',u,g,e,z,'(-inf-1.02]',t,t,'(2.5-inf)',f,g,'(-inf-105]','(492-inf)',y
b,'(-inf-38.96]','(-inf-4.2075]',u,g,k,h,'(1.02-inf)',t,t,'(0.5-2.5]',t,g,'(105-inf)','(-inf-492]',y
b,'(-inf-38.96]','(-inf-4.2075]',y,p,m,bb,'(-inf-1.02]',t,t,'(0.5-2.5]',t,g,'(105-inf)','(492-inf)',y
b,'(-inf-38.96]','(-inf-4.2075]',u,g,x,h,'(-inf-1.02]',t,t,'(2.5-inf)',f,g,'(105-inf)','(492-inf)',y
b,'(38.96-inf)','(-inf-4.2075]',u,g,m,v,'(1.02-inf)',t,t,'(0.5-2.5]',t,g,'(-inf-105]','(-inf-492]',y
b,'(-inf-38.96]','(-inf-4.2075]',u,g,x,v,'(1.02-inf)',t,t,'(0.5-2.5]',t,g,'(105-inf)','(-inf-492]',y
b,'(-inf-38.96]','(-inf-4.2075]',y,p,e,h,'(-inf-1.02]',t,f,'(-inf-0.5]',t,g,'(105-inf)','(-inf-492]',y
a,'(38.96-inf)','(4.2075-inf)',u,g,q,v,'(1.02-inf)',t,f,'(-inf-0.5]',t,g,'(-inf-105]','(492-inf)',y
a,'(38.96-inf)','(4.2075-inf)',u,g,q,h,'(1.02-inf)',t,f,'(-inf-0.5]',f,g,'(-inf-105]','(492-inf)',y
b,'(-inf-38.96]','(4.2075-inf)',u,g,q,v,'(-inf-1.02]',t,f,'(-inf-0.5]',t,g,'(-inf-105]','(-inf-492]',y
a,'(-inf-38.96]','(-inf-4.2075]',u,g,cc,v,'(-inf-1.02]',t,f,'(-inf-0.5]',f,g,'(105-inf)','(492-inf)',y
b,'(-inf-38.96]','(-inf-4.2075]',u,g,q,h,'(1.02-inf)',t,f,'(-inf-0.5]',t,g,'(-inf-105]','(492-inf)',y
b,'(-inf-38.96]','(-inf-4.2075]',y,p,d,v,'(1.02-inf)',f,f,'(-inf-0.5]',t,g,'(105-inf)','(-inf-492]',y
a,'(-inf-38.96]','(-inf-4.2075]',y,p,aa,v,'(-inf-1.02]',t,f,'(-inf-0.5]',t,g,'(105-inf)','(-inf-492]',y
b,'(38.96-inf)','(-inf-4.2075]',u,g,c,bb,'(1.02-inf)',t,f,'(-inf-0.5]',f,g,'(-inf-105]','(-inf-492]',y
b,'(38.96-inf)','(4.2075-inf)',u,g,k,h,'(1.02-inf)',t,f,'(-inf-0.5]',t,g,'(-inf-105]','(492-inf)',y
a,'(38.96-inf)','(4.2075-inf)',u,g,k,h,'(1.02-inf)',t,f,'(-inf-0.5]',t,g,'(-inf-105]','(-inf-492]',y
b,'(-inf-38.96]','(4.2075-inf)',u,g,q,h,'(1.02-inf)',t,f,'(-inf-0.5]',f,g,'(-inf-105]','(-inf-492]',y
b,'(-inf-38.96]','(-inf-4.2075]',y,p,w,v,'(-inf-1.02]',t,f,'(-inf-0.5]',t,g,'(105-inf)','(492-inf)',y
b,'(-inf-38.96]','(4.2075-inf)',u,g,aa,v,'(1.02-inf)',t,f,'(-inf-0.5]',t,s,'(-inf-105]','(-inf-492]',y
a,'(-inf-38.96]','(4.2075-inf)',u,g,aa,v,'(1.02-inf)',t,f,'(-inf-0.5]',f,g,'(105-inf)','(-inf-492]',y
a,'(-inf-38.96]','(4.2075-inf)',u,g,q,v,'(1.02-inf)',t,t,'(2.5-inf)',f,g,'(-inf-105]','(492-inf)',y
b,'(-inf-38.96]','(4.2075-inf)',u,g,aa,v,'(1.02-inf)',t,t,'(2.5-inf)',f,g,'(-inf-105]','(-inf-492]',y
b,'(38.96-inf)','(-inf-4.2075]',u,g,c,bb,'(1.02-inf)',t,t,'(2.5-inf)',f,g,'(-inf-105]','(492-inf)',y
a,'(-inf-38.96]','(-inf-4.2075]',u,g,i,bb,'(-inf-1.02]',t,t,'(2.5-inf)',f,s,'(-inf-105]','(-inf-492]',y
a,'(-inf-38.96]','(-inf-4.2075]',u,g,q,v,'(-inf-1.02]',t,t,'(2.5-inf)',f,g,'(-inf-105]','(-inf-492]',y
a,'(38.96-inf)','(4.2075-inf)',u,g,c,v,'(1.02-inf)',t,t,'(2.5-inf)',f,g,'(-inf-105]','(492-inf)',y
a,'(-inf-38.96]','(4.2075-inf)',u,g,q,v,'(1.02-inf)',t,t,'(2.5-inf)',f,g,'(105-inf)','(492-inf)',y
b,'(38.96-inf)','(4.2075-inf)',u,g,c,h,'(1.02-inf)',t,t,'(2.5-inf)',f,g,'(105-inf)','(492-inf)',y
b,'(38.96-inf)','(4.2075-inf)',u,g,aa,bb,'(1.02-inf)',t,t,'(0.5-2.5]',f,g,'(-inf-105]','(492-inf)',y
b,'(38.96-inf)','(4.2075-inf)',u,g,c,v,'(1.02-inf)',t,t,'(2.5-inf)',f,g,'(-inf-105]','(492-inf)',y
a,'(-inf-38.96]','(-inf-4.2075]',u,g,c,v,'(1.02-inf)',t,t,'(2.5-inf)',t,g,'(105-inf)','(492-inf)',y
a,'(-inf-38.96]','(4.2075-inf)',u,g,q,h,'(1.02-inf)',t,t,'(0.5-2.5]',f,g,'(-inf-105]','(-inf-492]',y
b,'(-inf-38.96]','(4.2075-inf)',u,g,c,v,'(1.02-inf)',t,f,'(-inf-0.5]',t,g,'(-inf-105]','(-inf-492]',y
b,'(38.96-inf)','(-inf-4.2075]',u,g,i,h,'(1.02-inf)',t,f,'(-inf-0.5]',f,g,'(105-inf)','(-inf-492]',y
b,'(38.96-inf)','(-inf-4.2075]',u,g,x,v,'(1.02-inf)',t,f,'(-inf-0.5]',f,g,'(105-inf)','(492-inf)',y
b,'(-inf-38.96]','(-inf-4.2075]',y,p,w,v,'(1.02-inf)',t,t,'(2.5-inf)',f,g,'(-inf-105]','(-inf-492]',y
b,'(-inf-38.96]','(-inf-4.2075]',y,p,i,bb,'(1.02-inf)',t,t,'(2.5-inf)',t,g,'(105-inf)','(-inf-492]',y
b,'(-inf-38.96]','(4.2075-inf)',y,p,c,bb,'(1.02-inf)',t,t,'(2.5-inf)',t,g,'(105-inf)','(-inf-492]',y
b,'(-inf-38.96]','(-inf-4.2075]',y,p,x,v,'(1.02-inf)',t,t,'(2.5-inf)',t,g,'(105-inf)','(-inf-492]',y
b,'(38.96-inf)','(4.2075-inf)',u,g,w,h,'(1.02-inf)',t,t,'(2.5-inf)',f,g,'(-inf-105]','(492-inf)',y
b,'(-inf-38.96]','(-inf-4.2075]',y,p,aa,v,'(1.02-inf)',t,t,'(2.5-inf)',t,g,'(105-inf)','(492-inf)',y
b,'(-inf-38.96]','(4.2075-inf)',u,g,x,v,'(-inf-1.02]',t,t,'(2.5-inf)',f,g,'(-inf-105]','(-inf-492]',y
a,'(-inf-38.96]','(-inf-4.2075]',u,g,q,h,'(1.02-inf)',t,t,'(0.5-2.5]',f,g,'(-inf-105]','(492-inf)',y
a,'(38.96-inf)','(-inf-4.2075]',u,g,i,bb,'(1.02-inf)',t,f,'(-inf-0.5]',t,g,'(-inf-105]','(-inf-492]',y
b,'(-inf-38.96]','(-inf-4.2075]',u,g,c,v,'(1.02-inf)',t,t,'(2.5-inf)',f,g,missing,'(492-inf)',y
a,'(-inf-38.96]','(4.2075-inf)',u,g,q,v,'(-inf-1.02]',t,t,'(0.5-2.5]',t,g,'(-inf-105]','(-inf-492]',y
b,'(-inf-38.96]','(-inf-4.2075]',y,p,w,v,'(-inf-1.02]',t,t,'(0.5-2.5]',f,g,'(-inf-105]','(492-inf)',y
a,'(-inf-38.96]','(4.2075-inf)',u,g,q,h,'(1.02-inf)',t,t,'(2.5-inf)',f,g,'(-inf-105]','(492-inf)',y
a,'(38.96-inf)','(-inf-4.2075]',missing,missing,missing,missing,'(-inf-1.02]',f,f,'(-inf-0.5]',f,p,missing,'(-inf-492]',y
b,'(-inf-38.96]','(4.2075-inf)',u,g,q,h,'(1.02-inf)',t,t,'(2.5-inf)',f,g,'(105-inf)','(-inf-492]',y
b,'(-inf-38.96]','(-inf-4.2075]',u,g,k,v,'(1.02-inf)',t,t,'(2.5-inf)',f,g,'(105-inf)','(492-inf)',y
b,'(38.96-inf)','(4.2075-inf)',u,g,c,bb,'(1.02-inf)',t,t,'(2.5-inf)',f,g,'(105-inf)','(492-inf)',y
b,'(38.96-inf)','(4.2075-inf)',u,g,cc,h,'(1.02-inf)',t,t,'(2.5-inf)',t,g,'(105-inf)','(-inf-492]',y
b,'(-inf-38.96]','(4.2075-inf)',y,p,d,v,'(1.02-inf)',t,f,'(-inf-0.5]',t,s,'(-inf-105]','(-inf-492]',y
b,'(38.96-inf)','(4.2075-inf)',u,g,ff,ff,'(1.02-inf)',t,t,'(2.5-inf)',t,g,'(-inf-105]','(492-inf)',y
b,'(-inf-38.96]','(4.2075-inf)',u,g,i,v,'(1.02-inf)',t,t,'(2.5-inf)',f,g,'(-inf-105]','(492-inf)',y
b,'(-inf-38.96]','(-inf-4.2075]',y,p,cc,v,'(1.02-inf)',t,t,'(0.5-2.5]',f,g,'(105-inf)','(-inf-492]',y
b,'(38.96-inf)','(-inf-4.2075]',u,g,aa,v,'(1.02-inf)',t,f,'(-inf-0.5]',f,s,'(105-inf)','(-inf-492]',y
b,'(38.96-inf)','(-inf-4.2075]',u,g,cc,h,'(1.02-inf)',t,t,'(2.5-inf)',f,g,'(105-inf)','(-inf-492]',y
b,'(38.96-inf)','(4.2075-inf)',u,g,ff,ff,'(1.02-inf)',t,t,'(2.5-inf)',f,g,'(-inf-105]','(492-inf)',y
b,'(38.96-inf)','(4.2075-inf)',u,g,e,v,'(1.02-inf)',t,t,'(2.5-inf)',f,g,'(-inf-105]','(-inf-492]',y
a,'(-inf-38.96]','(4.2075-inf)',y,p,c,v,'(-inf-1.02]',t,t,'(2.5-inf)',t,g,'(-inf-105]','(492-inf)',y
a,'(38.96-inf)','(4.2075-inf)',u,g,aa,v,'(1.02-inf)',t,t,'(2.5-inf)',t,g,'(105-inf)','(-inf-492]',y
b,'(38.96-inf)','(4.2075-inf)',u,g,e,z,'(1.02-inf)',t,t,'(2.5-inf)',t,g,'(-inf-105]','(-inf-492]',y
a,'(-inf-38.96]','(4.2075-inf)',u,g,aa,v,'(1.02-inf)',t,f,'(-inf-0.5]',t,g,'(-inf-105]','(-inf-492]',y
a,'(-inf-38.96]','(4.2075-inf)',u,g,aa,v,'(-inf-1.02]',t,f,'(-inf-0.5]',f,g,'(-inf-105]','(-inf-492]',y
a,'(-inf-38.96]','(4.2075-inf)',u,g,q,v,'(-inf-1.02]',t,f,'(-inf-0.5]',t,g,'(105-inf)','(-inf-492]',y
b,'(-inf-38.96]','(-inf-4.2075]',u,g,c,bb,'(-inf-1.02]',t,f,'(-inf-0.5]',t,g,'(105-inf)','(-inf-492]',y
b,'(-inf-38.96]','(4.2075-inf)',u,g,k,v,'(-inf-1.02]',t,f,'(-inf-0.5]',f,g,'(-inf-105]','(-inf-492]',y
a,'(-inf-38.96]','(4.2075-inf)',y,p,x,v,'(1.02-inf)',f,f,'(-inf-0.5]',f,g,'(105-inf)','(-inf-492]',y
b,'(-inf-38.96]','(-inf-4.2075]',u,g,q,v,'(1.02-inf)',t,t,'(0.5-2.5]',t,g,'(-inf-105]','(-inf-492]',y
b,'(-inf-38.96]','(4.2075-inf)',u,g,cc,v,'(-inf-1.02]',t,f,'(-inf-0.5]',f,g,'(-inf-105]','(-inf-492]',y
b,'(-inf-38.96]','(-inf-4.2075]',u,g,cc,v,'(-inf-1.02]',t,t,'(2.5-inf)',f,g,'(-inf-105]','(492-inf)',y
a,'(38.96-inf)','(-inf-4.2075]',u,g,x,v,'(1.02-inf)',t,t,'(0.5-2.5]',t,g,'(105-inf)','(492-inf)',y
b,'(-inf-38.96]','(-inf-4.2075]',u,g,x,h,'(1.02-inf)',t,t,'(2.5-inf)',t,g,'(105-inf)','(492-inf)',y
b,'(-inf-38.96]','(4.2075-inf)',u,g,w,v,'(1.02-inf)',t,f,'(-inf-0.5]',t,g,'(105-inf)','(492-inf)',y
a,'(38.96-inf)','(4.2075-inf)',u,g,i,bb,'(1.02-inf)',t,t,'(2.5-inf)',f,g,'(-inf-105]','(492-inf)',y
a,'(-inf-38.96]','(-inf-4.2075]',u,g,q,v,'(1.02-inf)',t,t,'(2.5-inf)',f,g,'(105-inf)','(492-inf)',y
b,'(-inf-38.96]','(-inf-4.2075]',u,g,i,bb,'(-inf-1.02]',t,f,'(-inf-0.5]',t,g,'(-inf-105]','(-inf-492]',y
b,'(-inf-38.96]','(4.2075-inf)',u,g,aa,v,'(1.02-inf)',t,t,'(0.5-2.5]',f,g,'(-inf-105]','(492-inf)',y
b,'(38.96-inf)','(4.2075-inf)',u,g,q,v,'(1.02-inf)',t,f,'(-inf-0.5]',f,s,'(-inf-105]','(-inf-492]',y
b,'(-inf-38.96]','(4.2075-inf)',u,g,x,v,'(1.02-inf)',t,t,'(2.5-inf)',f,g,'(105-inf)','(-inf-492]',y
b,'(-inf-38.96]','(4.2075-inf)',y,p,c,v,'(1.02-inf)',t,f,'(-inf-0.5]',f,s,'(-inf-105]','(-inf-492]',y
b,'(38.96-inf)','(4.2075-inf)',u,g,w,v,'(1.02-inf)',t,t,'(2.5-inf)',f,g,'(105-inf)','(-inf-492]',y
b,'(-inf-38.96]','(4.2075-inf)',u,g,w,v,'(1.02-inf)',t,f,'(-inf-0.5]',t,g,'(-inf-105]','(-inf-492]',y
a,'(-inf-38.96]','(4.2075-inf)',u,g,q,v,'(1.02-inf)',t,t,'(2.5-inf)',f,g,missing,'(492-inf)',y
b,'(-inf-38.96]','(-inf-4.2075]',u,g,i,v,'(1.02-inf)',t,t,'(0.5-2.5]',f,g,'(105-inf)','(-inf-492]',y
b,'(-inf-38.96]','(-inf-4.2075]',y,p,c,h,'(1.02-inf)',t,t,'(0.5-2.5]',t,g,'(105-inf)','(492-inf)',y
b,'(38.96-inf)','(4.2075-inf)',u,g,cc,h,'(1.02-inf)',t,t,'(0.5-2.5]',t,g,'(-inf-105]','(492-inf)',y
a,'(-inf-38.96]','(-inf-4.2075]',u,g,q,h,'(-inf-1.02]',t,t,'(2.5-inf)',f,g,'(-inf-105]','(-inf-492]',y
missing,'(-inf-38.96]','(4.2075-inf)',u,g,c,bb,'(1.02-inf)',t,t,'(0.5-2.5]',f,g,'(-inf-105]','(-inf-492]',y
b,'(-inf-38.96]','(4.2075-inf)',u,g,x,v,'(-inf-1.02]',t,t,'(2.5-inf)',f,g,'(105-inf)','(-inf-492]',y
b,'(38.96-inf)','(4.2075-inf)',u,g,e,z,'(1.02-inf)',t,t,'(2.5-inf)',f,g,'(-inf-105]','(492-inf)',y
b,'(38.96-inf)','(4.2075-inf)',u,g,q,h,'(1.02-inf)',t,t,'(2.5-inf)',t,g,'(105-inf)','(-inf-492]',y
a,'(-inf-38.96]','(4.2075-inf)',u,g,x,h,'(-inf-1.02]',t,t,'(2.5-inf)',f,g,'(-inf-105]','(492-inf)',y
b,'(-inf-38.96]','(4.2075-inf)',u,g,x,h,'(-inf-1.02]',t,t,'(0.5-2.5]',f,g,'(-inf-105]','(-inf-492]',y
b,missing,'(-inf-4.2075]',u,g,k,v,'(-inf-1.02]',f,f,'(-inf-0.5]',f,g,'(105-inf)','(492-inf)',n
b,'(-inf-38.96]','(4.2075-inf)',u,g,c,h,'(1.02-inf)',f,f,'(-inf-0.5]',f,g,'(105-inf)','(-inf-492]',n
b,'(-inf-38.96]','(4.2075-inf)',u,g,c,v,'(1.02-inf)',f,f,'(-inf-0.5]',t,g,'(105-inf)','(-inf-492]',n
b,'(-inf-38.96]','(-inf-4.2075]',u,g,d,v,'(-inf-1.02]',f,f,'(-inf-0.5]',f,g,'(105-inf)','(-inf-492]',n
a,'(-inf-38.96]','(4.2075-inf)',u,g,i,v,'(-inf-1.02]',f,f,'(-inf-0.5]',f,g,'(105-inf)','(492-inf)',n
a,'(-inf-38.96]','(-inf-4.2075]',y,p,c,v,'(-inf-1.02]',f,f,'(-inf-0.5]',f,g,'(105-inf)','(-inf-492]',n
b,'(-inf-38.96]','(-inf-4.2075]',u,g,d,h,'(1.02-inf)',f,f,'(-inf-0.5]',t,g,'(105-inf)','(-inf-492]',n
a,'(38.96-inf)','(-inf-4.2075]',y,p,ff,ff,'(-inf-1.02]',f,f,'(-inf-0.5]',f,g,'(-inf-105]','(-inf-492]',n
a,'(38.96-inf)','(-inf-4.2075]',u,g,i,o,'(-inf-1.02]',f,f,'(-inf-0.5]',f,g,'(-inf-105]','(-inf-492]',n
a,'(-inf-38.96]','(4.2075-inf)',y,p,x,h,'(-inf-1.02]',f,f,'(-inf-0.5]',t,g,'(105-inf)','(-inf-492]',n
b,'(38.96-inf)','(-inf-4.2075]',u,g,ff,ff,'(-inf-1.02]',f,f,'(-inf-0.5]',f,g,'(105-inf)','(-inf-492]',n
b,'(-inf-38.96]','(-inf-4.2075]',y,p,c,v,'(-inf-1.02]',f,f,'(-inf-0.5]',f,g,'(105-inf)','(492-inf)',n
b,'(-inf-38.96]','(-inf-4.2075]',y,p,e,dd,'(-inf-1.02]',f,f,'(-inf-0.5]',f,g,'(-inf-105]','(-inf-492]',n
a,'(-inf-38.96]','(4.2075-inf)',u,g,d,v,'(1.02-inf)',f,f,'(-inf-0.5]',f,g,'(105-inf)','(-inf-492]',n
b,'(38.96-inf)','(-inf-4.2075]',u,g,q,v,'(-inf-1.02]',t,f,'(-inf-0.5]',t,g,'(105-inf)','(-inf-492]',y
b,'(-inf-38.96]','(-inf-4.2075]',u,g,q,n,'(-inf-1.02]',f,f,'(-inf-0.5]',f,g,'(105-inf)','(-inf-492]',y
b,'(-inf-38.96]','(-inf-4.2075]',missing,missing,missing,missing,'(-inf-1.02]',f,f,'(-inf-0.5]',f,p,missing,'(-inf-492]',y
b,'(-inf-38.96]','(-inf-4.2075]',u,g,c,v,'(1.02-inf)',f,f,'(-inf-0.5]',t,g,'(105-inf)','(-inf-492]',n
b,'(-inf-38.96]','(4.2075-inf)',y,p,m,v,'(-inf-1.02]',f,f,'(-inf-0.5]',f,g,'(105-inf)','(-inf-492]',n
b,'(-inf-38.96]','(4.2075-inf)',y,p,k,v,'(-inf-1.02]',f,f,'(-inf-0.5]',f,g,'(105-inf)','(-inf-492]',n
b,'(-inf-38.96]','(-inf-4.2075]',u,g,cc,h,'(1.02-inf)',f,f,'(-inf-0.5]',t,s,'(105-inf)','(-inf-492]',n
b,'(-inf-38.96]','(4.2075-inf)',u,g,d,v,'(-inf-1.02]',f,f,'(-inf-0.5]',f,g,'(105-inf)','(-inf-492]',n
a,'(-inf-38.96]','(4.2075-inf)',u,g,i,h,'(-inf-1.02]',f,f,'(-inf-0.5]',f,g,'(-inf-105]','(-inf-492]',n
a,'(-inf-38.96]','(4.2075-inf)',y,p,q,h,'(-inf-1.02]',f,f,'(-inf-0.5]',f,g,'(105-inf)','(-inf-492]',n
b,'(-inf-38.96]','(4.2075-inf)',y,p,ff,ff,'(-inf-1.02]',f,f,'(-inf-0.5]',f,g,missing,'(-inf-492]',n
b,'(-inf-38.96]','(-inf-4.2075]',u,g,m,v,'(-inf-1.02]',t,f,'(-inf-0.5]',f,s,'(105-inf)','(-inf-492]',n
b,'(-inf-38.96]','(-inf-4.2075]',y,p,c,h,'(-inf-1.02]',f,f,'(-inf-0.5]',f,g,'(105-inf)','(-inf-492]',n
b,'(-inf-38.96]','(-inf-4.2075]',y,p,cc,h,'(-inf-1.02]',f,f,'(-inf-0.5]',f,g,'(105-inf)','(-inf-492]',n
b,'(-inf-38.96]','(4.2075-inf)',u,g,c,v,'(-inf-1.02]',f,f,'(-inf-0.5]',f,s,'(-inf-105]','(-inf-492]',n
a,'(-inf-38.96]','(-inf-4.2075]',u,g,q,v,'(-inf-1.02]',f,t,'(0.5-2.5]',f,g,'(105-inf)','(-inf-492]',n
b,'(-inf-38.96]','(4.2075-inf)',u,g,c,v,'(-inf-1.02]',f,t,'(0.5-2.5]',f,g,'(-inf-105]','(492-inf)',n
b,'(-inf-38.96]','(4.2075-inf)',u,g,w,h,'(-inf-1.02]',f,t,'(0.5-2.5]',f,g,'(105-inf)','(-inf-492]',n
a,missing,'(-inf-4.2075]',u,g,ff,ff,'(-inf-1.02]',f,t,'(0.5-2.5]',t,g,'(105-inf)','(-inf-492]',n
b,'(-inf-38.96]','(-inf-4.2075]',u,g,w,v,'(-inf-1.02]',f,t,'(0.5-2.5]',f,g,'(105-inf)','(492-inf)',n
b,'(-inf-38.96]','(-inf-4.2075]',y,p,c,v,'(-inf-1.02]',f,t,'(0.5-2.5]',f,g,'(105-inf)','(-inf-492]',n
a,'(-inf-38.96]','(-inf-4.2075]',y,p,j,j,'(-inf-1.02]',f,f,'(-inf-0.5]',f,g,'(105-inf)','(-inf-492]',n
b,'(-inf-38.96]','(-inf-4.2075]',u,g,m,v,'(-inf-1.02]',f,f,'(-inf-0.5]',t,s,'(105-inf)','(-inf-492]',n
a,'(-inf-38.96]','(4.2075-inf)',u,g,w,v,'(-inf-1.02]',f,t,'(0.5-2.5]',f,g,'(105-inf)','(-inf-492]',n
b,'(-inf-38.96]','(-inf-4.2075]',u,g,w,v,'(-inf-1.02]',f,t,'(0.5-2.5]',f,g,'(105-inf)','(-inf-492]',n
b,'(-inf-38.96]','(-inf-4.2075]',u,g,w,v,'(-inf-1.02]',f,t,'(0.5-2.5]',f,g,'(105-inf)','(-inf-492]',n
a,'(-inf-38.96]','(-inf-4.2075]',u,g,ff,ff,'(-inf-1.02]',f,t,'(0.5-2.5]',f,g,'(105-inf)','(-inf-492]',n
a,'(-inf-38.96]','(-inf-4.2075]',u,g,ff,ff,'(1.02-inf)',f,t,'(0.5-2.5]',t,g,'(105-inf)','(-inf-492]',n
b,'(38.96-inf)','(4.2075-inf)',u,g,ff,ff,'(1.02-inf)',f,t,'(0.5-2.5]',f,g,'(-inf-105]','(-inf-492]',n
b,'(-inf-38.96]','(-inf-4.2075]',u,g,aa,v,'(1.02-inf)',f,t,'(0.5-2.5]',t,g,'(105-inf)','(-inf-492]',n
b,'(-inf-38.96]','(-inf-4.2075]',u,g,aa,v,'(-inf-1.02]',f,t,'(0.5-2.5]',f,g,'(-inf-105]','(-inf-492]',n
b,'(-inf-38.96]','(4.2075-inf)',u,g,c,v,'(1.02-inf)',f,t,'(0.5-2.5]',t,g,'(105-inf)','(-inf-492]',n
a,'(38.96-inf)','(-inf-4.2075]',u,g,ff,ff,'(1.02-inf)',f,t,'(0.5-2.5]',f,g,'(-inf-105]','(-inf-492]',n
b,'(-inf-38.96]','(-inf-4.2075]',u,g,d,v,'(-inf-1.02]',f,f,'(-inf-0.5]',t,s,'(105-inf)','(-inf-492]',n
b,'(-inf-38.96]','(-inf-4.2075]',u,g,c,v,'(-inf-1.02]',f,f,'(-inf-0.5]',t,s,'(105-inf)','(-inf-492]',n
a,'(-inf-38.96]','(-inf-4.2075]',u,g,q,v,'(-inf-1.02]',f,f,'(-inf-0.5]',f,g,'(105-inf)','(-inf-492]',n
a,'(-inf-38.96]','(4.2075-inf)',u,g,q,h,'(1.02-inf)',f,f,'(-inf-0.5]',f,g,'(105-inf)','(-inf-492]',n
b,'(38.96-inf)','(4.2075-inf)',y,p,ff,ff,'(-inf-1.02]',t,f,'(-inf-0.5]',t,g,'(-inf-105]','(-inf-492]',n
b,'(-inf-38.96]','(-inf-4.2075]',u,g,ff,ff,'(1.02-inf)',f,f,'(-inf-0.5]',f,g,'(105-inf)','(-inf-492]',n
b,'(-inf-38.96]','(4.2075-inf)',u,g,ff,ff,'(-inf-1.02]',f,f,'(-inf-0.5]',f,g,'(-inf-105]','(-inf-492]',n
b,'(-inf-38.96]','(-inf-4.2075]',u,g,k,h,'(-inf-1.02]',f,f,'(-inf-0.5]',t,s,'(105-inf)','(-inf-492]',n
a,'(-inf-38.96]','(-inf-4.2075]',y,p,j,j,'(-inf-1.02]',f,f,'(-inf-0.5]',f,g,'(105-inf)','(-inf-492]',n
a,'(-inf-38.96]','(4.2075-inf)',u,g,w,v,'(-inf-1.02]',f,f,'(-inf-0.5]',t,g,'(105-inf)','(-inf-492]',n
b,'(-inf-38.96]','(-inf-4.2075]',y,p,c,v,'(1.02-inf)',f,f,'(-inf-0.5]',t,g,'(105-inf)','(-inf-492]',n
a,'(-inf-38.96]','(-inf-4.2075]',u,g,aa,v,'(-inf-1.02]',f,f,'(-inf-0.5]',f,g,'(105-inf)','(-inf-492]',n
a,'(-inf-38.96]','(4.2075-inf)',u,g,d,v,'(-inf-1.02]',f,f,'(-inf-0.5]',f,g,'(-inf-105]','(-inf-492]',n
b,'(-inf-38.96]','(-inf-4.2075]',y,p,aa,v,'(-inf-1.02]',f,f,'(-inf-0.5]',f,g,'(-inf-105]','(-inf-492]',n
b,'(-inf-38.96]','(-inf-4.2075]',u,g,m,v,'(-inf-1.02]',t,f,'(-inf-0.5]',t,s,'(105-inf)','(-inf-492]',n
b,'(-inf-38.96]','(-inf-4.2075]',y,p,c,h,'(-inf-1.02]',f,f,'(-inf-0.5]',f,g,'(105-inf)','(-inf-492]',n
b,'(-inf-38.96]','(4.2075-inf)',l,gg,ff,o,'(-inf-1.02]',f,f,'(-inf-0.5]',t,p,'(105-inf)','(492-inf)',y
b,'(-inf-38.96]','(-inf-4.2075]',y,p,m,bb,'(-inf-1.02]',f,f,'(-inf-0.5]',t,s,'(105-inf)','(-inf-492]',y
b,'(-inf-38.96]','(-inf-4.2075]',y,p,c,v,'(1.02-inf)',f,f,'(-inf-0.5]',t,g,'(105-inf)','(-inf-492]',y
b,'(-inf-38.96]','(-inf-4.2075]',u,g,w,v,'(1.02-inf)',f,f,'(-inf-0.5]',f,g,'(105-inf)','(-inf-492]',y
a,'(-inf-38.96]','(-inf-4.2075]',l,gg,cc,ff,'(1.02-inf)',f,f,'(-inf-0.5]',t,s,'(105-inf)','(-inf-492]',y
a,'(-inf-38.96]','(-inf-4.2075]',u,g,cc,v,'(-inf-1.02]',f,f,'(-inf-0.5]',f,g,'(105-inf)','(-inf-492]',y
b,'(38.96-inf)','(-inf-4.2075]',y,p,k,v,'(-inf-1.02]',t,t,'(2.5-inf)',f,g,'(105-inf)','(492-inf)',y
b,'(-inf-38.96]','(-inf-4.2075]',u,g,w,v,'(1.02-inf)',f,f,'(-inf-0.5]',f,g,'(105-inf)','(-inf-492]',n
a,'(-inf-38.96]','(-inf-4.2075]',y,p,x,v,'(-inf-1.02]',f,f,'(-inf-0.5]',f,g,'(105-inf)','(-inf-492]',n
b,'(-inf-38.96]','(-inf-4.2075]',y,p,c,v,'(-inf-1.02]',f,f,'(-inf-0.5]',f,g,'(105-inf)','(-inf-492]',n
missing,'(38.96-inf)','(-inf-4.2075]',u,g,i,bb,'(-inf-1.02]',f,f,'(-inf-0.5]',f,s,'(105-inf)','(-inf-492]',n
b,'(-inf-38.96]','(-inf-4.2075]',y,p,w,v,'(1.02-inf)',f,f,'(-inf-0.5]',f,s,'(105-inf)','(-inf-492]',n
b,missing,'(-inf-4.2075]',y,p,i,v,'(-inf-1.02]',f,f,'(-inf-0.5]',t,g,'(105-inf)','(-inf-492]',n
b,'(-inf-38.96]','(-inf-4.2075]',missing,missing,missing,missing,'(-inf-1.02]',f,f,'(-inf-0.5]',f,p,missing,'(-inf-492]',n
a,'(-inf-38.96]','(-inf-4.2075]',y,p,c,v,'(1.02-inf)',f,f,'(-inf-0.5]',t,g,'(-inf-105]','(-inf-492]',n
b,'(-inf-38.96]','(-inf-4.2075]',u,g,c,v,'(-inf-1.02]',f,f,'(-inf-0.5]',f,g,'(105-inf)','(-inf-492]',n
a,'(-inf-38.96]','(4.2075-inf)',u,g,d,v,'(-inf-1.02]',f,f,'(-inf-0.5]',t,g,'(105-inf)','(492-inf)',n
b,'(-inf-38.96]','(-inf-4.2075]',u,g,cc,bb,'(-inf-1.02]',f,f,'(-inf-0.5]',f,g,'(105-inf)','(-inf-492]',n
b,'(-inf-38.96]','(-inf-4.2075]',u,g,q,h,'(-inf-1.02]',f,f,'(-inf-0.5]',t,g,'(105-inf)','(-inf-492]',n
b,'(38.96-inf)','(4.2075-inf)',u,g,c,v,'(-inf-1.02]',f,f,'(-inf-0.5]',t,g,'(-inf-105]','(-inf-492]',n
a,'(-inf-38.96]','(-inf-4.2075]',y,p,i,h,'(-inf-1.02]',f,f,'(-inf-0.5]',t,g,'(105-inf)','(-inf-492]',n
a,'(-inf-38.96]','(-inf-4.2075]',y,p,aa,v,'(1.02-inf)',f,f,'(-inf-0.5]',f,g,'(105-inf)','(-inf-492]',n
b,'(-inf-38.96]','(-inf-4.2075]',u,g,w,v,'(-inf-1.02]',f,f,'(-inf-0.5]',t,g,'(105-inf)','(-inf-492]',n
a,'(38.96-inf)','(-inf-4.2075]',u,g,c,v,'(1.02-inf)',f,f,'(-inf-0.5]',f,g,'(105-inf)','(-inf-492]',n
b,'(38.96-inf)','(-inf-4.2075]',u,g,aa,v,'(-inf-1.02]',f,f,'(-inf-0.5]',f,g,'(105-inf)','(-inf-492]',n
b,'(-inf-38.96]','(-inf-4.2075]',u,g,i,bb,'(-inf-1.02]',f,f,'(-inf-0.5]',t,g,'(105-inf)','(492-inf)',n
b,'(-inf-38.96]','(-inf-4.2075]',u,g,i,bb,'(-inf-1.02]',f,f,'(-inf-0.5]',f,g,'(105-inf)','(-inf-492]',n
b,'(-inf-38.96]','(-inf-4.2075]',u,g,k,v,'(-inf-1.02]',f,f,'(-inf-0.5]',t,g,'(105-inf)','(-inf-492]',n
b,'(38.96-inf)','(4.2075-inf)',u,g,e,z,'(-inf-1.02]',f,f,'(-inf-0.5]',f,g,'(-inf-105]','(-inf-492]',n
missing,'(-inf-38.96]','(-inf-4.2075]',u,g,c,v,'(-inf-1.02]',f,f,'(-inf-0.5]',t,g,'(105-inf)','(-inf-492]',n
b,'(-inf-38.96]','(4.2075-inf)',y,p,c,bb,'(1.02-inf)',f,f,'(-inf-0.5]',f,g,'(105-inf)','(492-inf)',n
b,'(38.96-inf)','(-inf-4.2075]',u,g,c,v,'(-inf-1.02]',t,t,'(2.5-inf)',t,g,'(105-inf)','(-inf-492]',n
b,'(-inf-38.96]','(-inf-4.2075]',u,g,w,v,'(1.02-inf)',f,t,'(0.5-2.5]',t,g,'(-inf-105]','(-inf-492]',n
a,'(-inf-38.96]','(-inf-4.2075]',u,g,j,j,'(-inf-1.02]',f,f,'(-inf-0.5]',t,g,'(105-inf)','(-inf-492]',n
b,'(-inf-38.96]','(-inf-4.2075]',y,p,ff,ff,'(-inf-1.02]',f,f,'(-inf-0.5]',f,g,'(-inf-105]','(-inf-492]',n
b,'(-inf-38.96]','(4.2075-inf)',y,p,m,v,'(1.02-inf)',f,f,'(-inf-0.5]',t,g,'(-inf-105]','(492-inf)',n
b,'(-inf-38.96]','(-inf-4.2075]',u,g,d,v,'(-inf-1.02]',f,f,'(-inf-0.5]',t,s,'(-inf-105]','(-inf-492]',n
b,'(-inf-38.96]','(-inf-4.2075]',u,g,i,v,'(-inf-1.02]',f,f,'(-inf-0.5]',t,g,'(105-inf)','(-inf-492]',n
a,'(-inf-38.96]','(-inf-4.2075]',u,g,aa,v,'(-inf-1.02]',f,t,'(0.5-2.5]',t,g,'(105-inf)','(-inf-492]',n
b,'(38.96-inf)','(-inf-4.2075]',u,g,d,v,'(-inf-1.02]',f,f,'(-inf-0.5]',f,g,'(105-inf)','(-inf-492]',n
a,'(-inf-38.96]','(-inf-4.2075]',u,g,q,v,'(-inf-1.02]',f,f,'(-inf-0.5]',t,g,'(105-inf)','(-inf-492]',n
b,'(-inf-38.96]','(-inf-4.2075]',u,g,d,v,'(-inf-1.02]',f,f,'(-inf-0.5]',t,g,'(105-inf)','(-inf-492]',n
a,'(-inf-38.96]','(4.2075-inf)',u,g,ff,ff,'(-inf-1.02]',f,f,'(-inf-0.5]',f,g,'(105-inf)','(-inf-492]',n
a,'(-inf-38.96]','(4.2075-inf)',u,g,k,v,'(1.02-inf)',f,f,'(-inf-0.5]',t,s,'(-inf-105]','(-inf-492]',n
b,'(-inf-38.96]','(-inf-4.2075]',u,g,ff,ff,'(-inf-1.02]',f,f,'(-inf-0.5]',t,g,'(-inf-105]','(492-inf)',n
b,'(-inf-38.96]','(-inf-4.2075]',u,g,k,ff,'(-inf-1.02]',f,f,'(-inf-0.5]',f,g,'(-inf-105]','(-inf-492]',n
b,'(-inf-38.96]','(-inf-4.2075]',y,p,k,v,'(-inf-1.02]',f,f,'(-inf-0.5]',f,s,'(105-inf)','(-inf-492]',n
b,'(-inf-38.96]','(-inf-4.2075]',u,g,e,dd,'(-inf-1.02]',f,t,'(0.5-2.5]',f,g,'(105-inf)','(492-inf)',n
b,'(38.96-inf)','(-inf-4.2075]',u,g,m,v,'(1.02-inf)',f,t,'(0.5-2.5]',t,g,'(105-inf)','(-inf-492]',n
a,'(-inf-38.96]','(4.2075-inf)',u,g,aa,v,'(-inf-1.02]',f,f,'(-inf-0.5]',f,g,'(105-inf)','(492-inf)',n
b,'(38.96-inf)','(-inf-4.2075]',y,p,m,v,'(-inf-1.02]',f,f,'(-inf-0.5]',f,s,'(105-inf)','(-inf-492]',n
a,'(-inf-38.96]','(4.2075-inf)',y,p,k,h,'(1.02-inf)',f,f,'(-inf-0.5]',t,g,'(-inf-105]','(-inf-492]',n
b,'(-inf-38.96]','(-inf-4.2075]',y,p,r,n,'(-inf-1.02]',f,f,'(-inf-0.5]',t,g,'(105-inf)','(-inf-492]',n
b,'(-inf-38.96]','(-inf-4.2075]',y,p,w,v,'(1.02-inf)',f,f,'(-inf-0.5]',t,g,'(105-inf)','(-inf-492]',n
b,'(-inf-38.96]','(4.2075-inf)',u,g,e,dd,'(-inf-1.02]',f,f,'(-inf-0.5]',t,g,'(105-inf)','(492-inf)',n
a,'(38.96-inf)','(4.2075-inf)',u,g,k,h,'(-inf-1.02]',f,f,'(-inf-0.5]',t,s,'(105-inf)','(-inf-492]',n
b,'(-inf-38.96]','(-inf-4.2075]',u,g,w,v,'(-inf-1.02]',f,f,'(-inf-0.5]',f,g,'(-inf-105]','(-inf-492]',n
missing,'(-inf-38.96]','(-inf-4.2075]',u,g,aa,v,'(-inf-1.02]',f,f,'(-inf-0.5]',f,g,'(105-inf)','(492-inf)',n
a,'(-inf-38.96]','(-inf-4.2075]',y,p,e,dd,'(-inf-1.02]',f,f,'(-inf-0.5]',f,g,'(105-inf)','(-inf-492]',n
b,'(-inf-38.96]','(4.2075-inf)',u,g,d,v,'(-inf-1.02]',f,f,'(-inf-0.5]',f,g,'(-inf-105]','(-inf-492]',n
b,'(-inf-38.96]','(-inf-4.2075]',y,p,c,v,'(1.02-inf)',f,f,'(-inf-0.5]',t,s,'(105-inf)','(-inf-492]',n
b,'(-inf-38.96]','(-inf-4.2075]',u,g,i,bb,'(-inf-1.02]',f,f,'(-inf-0.5]',t,g,'(105-inf)','(492-inf)',n
b,'(-inf-38.96]','(-inf-4.2075]',u,g,i,bb,'(1.02-inf)',f,f,'(-inf-0.5]',t,s,'(105-inf)','(-inf-492]',n
b,'(38.96-inf)','(4.2075-inf)',u,g,i,bb,'(1.02-inf)',f,f,'(-inf-0.5]',t,g,'(105-inf)','(-inf-492]',n
a,'(-inf-38.96]','(4.2075-inf)',u,g,c,v,'(-inf-1.02]',f,f,'(-inf-0.5]',f,g,'(105-inf)','(-inf-492]',n
a,'(-inf-38.96]','(-inf-4.2075]',y,p,i,bb,'(1.02-inf)',f,f,'(-inf-0.5]',f,g,'(105-inf)','(-inf-492]',n
a,'(38.96-inf)','(4.2075-inf)',y,p,ff,ff,'(1.02-inf)',f,f,'(-inf-0.5]',t,g,'(-inf-105]','(-inf-492]',n
b,'(-inf-38.96]','(4.2075-inf)',u,g,k,v,'(1.02-inf)',f,f,'(-inf-0.5]',t,g,'(-inf-105]','(492-inf)',n
b,'(-inf-38.96]','(4.2075-inf)',y,p,c,v,'(1.02-inf)',f,f,'(-inf-0.5]',t,g,'(-inf-105]','(-inf-492]',n
b,'(-inf-38.96]','(-inf-4.2075]',y,p,aa,v,'(-inf-1.02]',f,f,'(-inf-0.5]',t,g,'(105-inf)','(-inf-492]',n
b,'(-inf-38.96]','(-inf-4.2075]',u,g,c,v,'(-inf-1.02]',f,f,'(-inf-0.5]',t,s,'(-inf-105]','(-inf-492]',n
b,'(-inf-38.96]','(4.2075-inf)',u,g,i,bb,'(-inf-1.02]',f,f,'(-inf-0.5]',t,g,'(105-inf)','(-inf-492]',n
b,'(-inf-38.96]','(-inf-4.2075]',u,g,m,v,'(-inf-1.02]',f,f,'(-inf-0.5]',f,s,'(-inf-105]','(-inf-492]',n
b,'(-inf-38.96]','(4.2075-inf)',u,g,e,v,'(-inf-1.02]',f,f,'(-inf-0.5]',f,g,'(105-inf)','(-inf-492]',n
b,'(38.96-inf)','(4.2075-inf)',u,g,i,bb,'(-inf-1.02]',f,f,'(-inf-0.5]',f,g,'(105-inf)','(-inf-492]',n
b,'(-inf-38.96]','(4.2075-inf)',u,g,aa,bb,'(-inf-1.02]',f,f,'(-inf-0.5]',t,g,'(105-inf)','(-inf-492]',n
b,'(-inf-38.96]','(-inf-4.2075]',u,g,m,v,'(-inf-1.02]',f,f,'(-inf-0.5]',t,g,'(105-inf)','(-inf-492]',n
b,'(38.96-inf)','(-inf-4.2075]',y,p,w,v,'(-inf-1.02]',f,f,'(-inf-0.5]',f,g,'(-inf-105]','(-inf-492]',n
a,'(-inf-38.96]','(-inf-4.2075]',u,g,d,v,'(-inf-1.02]',f,f,'(-inf-0.5]',t,g,'(-inf-105]','(-inf-492]',n
b,'(-inf-38.96]','(-inf-4.2075]',y,p,x,h,'(-inf-1.02]',f,f,'(-inf-0.5]',f,g,'(105-inf)','(-inf-492]',n
a,'(-inf-38.96]','(-inf-4.2075]',y,p,ff,ff,'(-inf-1.02]',f,f,'(-inf-0.5]',f,g,'(105-inf)','(-inf-492]',n
b,'(-inf-38.96]','(4.2075-inf)',y,p,k,h,'(1.02-inf)',f,f,'(-inf-0.5]',t,g,'(-inf-105]','(-inf-492]',n
b,'(-inf-38.96]','(-inf-4.2075]',u,g,c,v,'(-inf-1.02]',f,f,'(-inf-0.5]',f,g,'(105-inf)','(-inf-492]',n
b,'(-inf-38.96]','(4.2075-inf)',y,p,j,v,'(-inf-1.02]',f,f,'(-inf-0.5]',f,g,'(105-inf)','(-inf-492]',n
b,'(-inf-38.96]','(-inf-4.2075]',u,g,c,v,'(-inf-1.02]',f,f,'(-inf-0.5]',f,g,'(105-inf)','(-inf-492]',n
a,'(38.96-inf)','(4.2075-inf)',u,g,i,bb,'(1.02-inf)',f,f,'(-inf-0.5]',t,g,'(-inf-105]','(-inf-492]',n
a,'(-inf-38.96]','(-inf-4.2075]',u,g,q,v,'(-inf-1.02]',f,f,'(-inf-0.5]',f,s,'(105-inf)','(-inf-492]',n
b,'(-inf-38.96]','(4.2075-inf)',y,p,i,bb,'(1.02-inf)',f,f,'(-inf-0.5]',t,g,'(105-inf)','(-inf-492]',n
a,'(38.96-inf)','(4.2075-inf)',u,g,ff,ff,'(-inf-1.02]',f,f,'(-inf-0.5]',f,s,'(-inf-105]','(-inf-492]',n
a,'(38.96-inf)','(4.2075-inf)',y,p,k,v,'(-inf-1.02]',f,t,'(0.5-2.5]',f,g,missing,'(-inf-492]',n
a,'(-inf-38.96]','(-inf-4.2075]',y,p,c,v,'(-inf-1.02]',f,t,'(0.5-2.5]',f,g,'(105-inf)','(-inf-492]',n
b,'(-inf-38.96]','(-inf-4.2075]',u,g,w,v,'(-inf-1.02]',f,t,'(0.5-2.5]',f,g,'(-inf-105]','(-inf-492]',n
b,'(-inf-38.96]','(-inf-4.2075]',u,g,q,v,'(-inf-1.02]',f,t,'(2.5-inf)',f,g,'(105-inf)','(-inf-492]',n
b,'(-inf-38.96]','(-inf-4.2075]',u,g,ff,ff,'(-inf-1.02]',f,t,'(2.5-inf)',f,g,'(105-inf)','(-inf-492]',n
b,'(-inf-38.96]','(-inf-4.2075]',u,g,c,v,'(1.02-inf)',f,t,'(0.5-2.5]',f,g,'(-inf-105]','(-inf-492]',n
a,'(-inf-38.96]','(-inf-4.2075]',u,g,i,v,'(-inf-1.02]',f,f,'(-inf-0.5]',f,g,'(105-inf)','(-inf-492]',n
b,'(38.96-inf)','(-inf-4.2075]',u,g,i,bb,'(-inf-1.02]',f,f,'(-inf-0.5]',f,s,'(105-inf)','(-inf-492]',n
b,'(-inf-38.96]','(-inf-4.2075]',u,g,k,v,'(-inf-1.02]',f,f,'(-inf-0.5]',t,g,'(105-inf)','(-inf-492]',n
a,'(-inf-38.96]','(-inf-4.2075]',y,p,ff,ff,'(1.02-inf)',f,f,'(-inf-0.5]',f,g,'(105-inf)','(-inf-492]',n
b,'(-inf-38.96]','(-inf-4.2075]',y,p,k,v,'(-inf-1.02]',f,f,'(-inf-0.5]',f,g,'(105-inf)','(-inf-492]',n
b,'(-inf-38.96]','(-inf-4.2075]',u,g,c,v,'(-inf-1.02]',f,f,'(-inf-0.5]',t,g,'(105-inf)','(-inf-492]',n
b,'(-inf-38.96]','(-inf-4.2075]',u,g,c,v,'(-inf-1.02]',f,t,'(0.5-2.5]',f,g,'(105-inf)','(492-inf)',n
a,'(-inf-38.96]','(-inf-4.2075]',y,p,ff,ff,'(-inf-1.02]',f,f,'(-inf-0.5]',t,g,'(105-inf)','(-inf-492]',n
b,'(-inf-38.96]','(-inf-4.2075]',u,g,i,v,'(-inf-1.02]',f,f,'(-inf-0.5]',t,g,'(105-inf)','(-inf-492]',n
b,'(-inf-38.96]','(-inf-4.2075]',u,g,q,v,'(1.02-inf)',f,f,'(-inf-0.5]',f,g,'(105-inf)','(-inf-492]',n
b,'(-inf-38.96]','(-inf-4.2075]',u,g,w,v,'(1.02-inf)',f,f,'(-inf-0.5]',f,g,'(105-inf)','(-inf-492]',n
b,'(-inf-38.96]','(-inf-4.2075]',u,g,cc,v,'(1.02-inf)',f,f,'(-inf-0.5]',f,g,'(-inf-105]','(-inf-492]',n
b,'(-inf-38.96]','(-inf-4.2075]',u,g,c,v,'(1.02-inf)',f,f,'(-inf-0.5]',f,p,'(105-inf)','(-inf-492]',n
b,'(-inf-38.96]','(-inf-4.2075]',u,g,c,v,'(-inf-1.02]',f,f,'(-inf-0.5]',f,g,'(105-inf)','(-inf-492]',n
a,'(-inf-38.96]','(-inf-4.2075]',u,g,w,v,'(-inf-1.02]',f,f,'(-inf-0.5]',t,g,'(105-inf)','(-inf-492]',n
b,'(-inf-38.96]','(-inf-4.2075]',u,g,e,v,'(-inf-1.02]',f,f,'(-inf-0.5]',f,g,'(105-inf)','(-inf-492]',n
b,'(38.96-inf)','(-inf-4.2075]',u,g,ff,ff,'(-inf-1.02]',f,f,'(-inf-0.5]',f,g,'(105-inf)','(-inf-492]',n
b,'(-inf-38.96]','(-inf-4.2075]',y,p,cc,v,'(-inf-1.02]',f,f,'(-inf-0.5]',f,g,'(105-inf)','(-inf-492]',n
b,'(38.96-inf)','(-inf-4.2075]',y,p,ff,ff,'(1.02-inf)',f,f,'(-inf-0.5]',f,g,'(105-inf)','(-inf-492]',n
b,'(-inf-38.96]','(-inf-4.2075]',y,p,c,v,'(-inf-1.02]',f,f,'(-inf-0.5]',f,g,'(105-inf)','(492-inf)',n
b,'(-inf-38.96]','(-inf-4.2075]',u,g,k,v,'(-inf-1.02]',f,f,'(-inf-0.5]',t,g,'(105-inf)','(-inf-492]',n
b,'(-inf-38.96]','(-inf-4.2075]',u,g,aa,v,'(-inf-1.02]',f,f,'(-inf-0.5]',f,g,'(105-inf)','(-inf-492]',n
b,'(38.96-inf)','(-inf-4.2075]',u,g,c,v,'(1.02-inf)',f,f,'(-inf-0.5]',t,g,'(105-inf)','(-inf-492]',n
b,'(-inf-38.96]','(-inf-4.2075]',y,p,ff,ff,'(-inf-1.02]',f,t,'(2.5-inf)',f,g,'(-inf-105]','(-inf-492]',n
b,'(-inf-38.96]','(-inf-4.2075]',u,g,ff,ff,'(-inf-1.02]',f,t,'(2.5-inf)',f,g,'(105-inf)','(492-inf)',n
a,'(38.96-inf)','(-inf-4.2075]',u,g,ff,ff,'(-inf-1.02]',f,f,'(-inf-0.5]',t,s,'(-inf-105]','(-inf-492]',n
a,'(-inf-38.96]','(-inf-4.2075]',u,g,ff,ff,'(-inf-1.02]',f,t,'(0.5-2.5]',f,g,'(-inf-105]','(-inf-492]',n
b,'(-inf-38.96]','(-inf-4.2075]',u,g,k,v,'(-inf-1.02]',f,t,'(0.5-2.5]',t,g,'(105-inf)','(-inf-492]',n
b,'(-inf-38.96]','(-inf-4.2075]',u,g,k,v,'(-inf-1.02]',f,t,'(2.5-inf)',f,s,'(-inf-105]','(-inf-492]',n
b,'(38.96-inf)','(4.2075-inf)',u,g,ff,ff,'(-inf-1.02]',f,t,'(0.5-2.5]',f,g,'(-inf-105]','(-inf-492]',n
b,'(-inf-38.96]','(-inf-4.2075]',y,p,m,v,'(-inf-1.02]',f,f,'(-inf-0.5]',t,s,'(-inf-105]','(-inf-492]',n
b,'(-inf-38.96]','(-inf-4.2075]',u,g,k,v,'(-inf-1.02]',f,f,'(-inf-0.5]',t,g,'(105-inf)','(-inf-492]',n
a,'(-inf-38.96]','(-inf-4.2075]',y,p,j,ff,'(-inf-1.02]',f,f,'(-inf-0.5]',f,g,'(-inf-105]','(-inf-492]',n
a,missing,'(4.2075-inf)',u,g,ff,ff,'(-inf-1.02]',f,f,'(-inf-0.5]',f,g,missing,'(492-inf)',n
b,'(-inf-38.96]','(-inf-4.2075]',u,g,c,v,'(-inf-1.02]',f,f,'(-inf-0.5]',f,g,'(105-inf)','(-inf-492]',n
a,'(-inf-38.96]','(-inf-4.2075]',u,g,ff,ff,'(-inf-1.02]',f,f,'(-inf-0.5]',f,g,'(105-inf)','(-inf-492]',n
b,'(-inf-38.96]','(-inf-4.2075]',u,g,ff,ff,'(-inf-1.02]',f,t,'(0.5-2.5]',f,g,'(-inf-105]','(-inf-492]',n
b,'(-inf-38.96]','(4.2075-inf)',u,g,c,v,'(-inf-1.02]',f,f,'(-inf-0.5]',f,g,'(-inf-105]','(-inf-492]',n
b,missing,'(-inf-4.2075]',y,p,i,bb,'(1.02-inf)',f,f,'(-inf-0.5]',f,g,'(-inf-105]','(-inf-492]',n
b,'(38.96-inf)','(-inf-4.2075]',u,g,c,v,'(1.02-inf)',f,f,'(-inf-0.5]',f,g,'(-inf-105]','(-inf-492]',n
b,'(-inf-38.96]','(4.2075-inf)',u,g,q,v,'(1.02-inf)',f,f,'(-inf-0.5]',f,g,'(105-inf)','(-inf-492]',n
missing,'(-inf-38.96]','(-inf-4.2075]',u,g,w,v,'(-inf-1.02]',f,f,'(-inf-0.5]',t,g,'(105-inf)','(-inf-492]',n
b,'(38.96-inf)','(-inf-4.2075]',u,g,d,v,'(1.02-inf)',f,f,'(-inf-0.5]',t,g,'(-inf-105]','(-inf-492]',n
b,'(-inf-38.96]','(4.2075-inf)',u,g,w,v,'(-inf-1.02]',f,f,'(-inf-0.5]',f,g,'(105-inf)','(492-inf)',n
b,'(-inf-38.96]','(-inf-4.2075]',missing,missing,missing,missing,'(-inf-1.02]',f,f,'(-inf-0.5]',f,p,missing,'(-inf-492]',n
b,'(-inf-38.96]','(-inf-4.2075]',y,p,c,v,'(-inf-1.02]',f,f,'(-inf-0.5]',f,g,'(105-inf)','(-inf-492]',n
b,'(-inf-38.96]','(4.2075-inf)',u,g,i,bb,'(1.02-inf)',f,f,'(-inf-0.5]',f,g,'(105-inf)','(492-inf)',n
b,'(-inf-38.96]','(-inf-4.2075]',y,p,c,v,'(1.02-inf)',f,f,'(-inf-0.5]',t,g,'(105-inf)','(-inf-492]',n
a,'(-inf-38.96]','(-inf-4.2075]',y,p,c,v,'(-inf-1.02]',f,f,'(-inf-0.5]',f,g,'(105-inf)','(-inf-492]',n
b,'(-inf-38.96]','(-inf-4.2075]',u,g,m,v,'(-inf-1.02]',f,t,'(2.5-inf)',f,g,'(105-inf)','(492-inf)',n
b,'(-inf-38.96]','(-inf-4.2075]',u,g,c,v,'(-inf-1.02]',f,f,'(-inf-0.5]',f,g,'(105-inf)','(-inf-492]',n
a,'(-inf-38.96]','(-inf-4.2075]',u,g,ff,ff,'(-inf-1.02]',f,t,'(2.5-inf)',f,g,'(105-inf)','(-inf-492]',n
a,'(-inf-38.96]','(-inf-4.2075]',u,g,j,j,'(-inf-1.02]',f,t,'(0.5-2.5]',f,g,'(105-inf)','(-inf-492]',n
a,'(-inf-38.96]','(-inf-4.2075]',u,g,m,v,'(1.02-inf)',f,t,'(0.5-2.5]',t,g,'(105-inf)','(-inf-492]',n
b,'(-inf-38.96]','(-inf-4.2075]',u,g,c,v,'(1.02-inf)',f,t,'(0.5-2.5]',t,g,'(105-inf)','(-inf-492]',n
a,'(-inf-38.96]','(-inf-4.2075]',u,g,w,h,'(-inf-1.02]',f,t,'(2.5-inf)',f,g,'(-inf-105]','(-inf-492]',n
b,'(-inf-38.96]','(-inf-4.2075]',u,g,k,v,'(-inf-1.02]',f,f,'(-inf-0.5]',f,g,'(105-inf)','(-inf-492]',n
b,'(-inf-38.96]','(-inf-4.2075]',u,g,i,h,'(-inf-1.02]',f,f,'(-inf-0.5]',t,g,'(105-inf)','(-inf-492]',n
a,'(-inf-38.96]','(4.2075-inf)',u,g,k,h,'(-inf-1.02]',f,f,'(-inf-0.5]',f,g,'(105-inf)','(-inf-492]',n
b,'(-inf-38.96]','(-inf-4.2075]',y,p,i,h,'(-inf-1.02]',f,f,'(-inf-0.5]',f,g,'(105-inf)','(-inf-492]',n
b,'(-inf-38.96]','(4.2075-inf)',u,g,i,v,'(-inf-1.02]',f,f,'(-inf-0.5]',f,g,'(-inf-105]','(-inf-492]',n
b,'(-inf-38.96]','(-inf-4.2075]',y,p,i,v,'(-inf-1.02]',f,f,'(-inf-0.5]',t,g,'(105-inf)','(492-inf)',n
b,'(-inf-38.96]','(-inf-4.2075]',u,g,c,v,'(-inf-1.02]',f,f,'(-inf-0.5]',f,g,'(-inf-105]','(-inf-492]',n
b,'(-inf-38.96]','(-inf-4.2075]',u,g,d,v,'(-inf-1.02]',f,f,'(-inf-0.5]',t,g,'(-inf-105]','(-inf-492]',n
b,'(-inf-38.96]','(-inf-4.2075]',u,g,i,h,'(-inf-1.02]',f,f,'(-inf-0.5]',t,g,'(105-inf)','(-inf-492]',n
b,'(38.96-inf)','(-inf-4.2075]',y,p,i,h,'(1.02-inf)',f,f,'(-inf-0.5]',t,s,'(105-inf)','(-inf-492]',n
b,'(-inf-38.96]','(4.2075-inf)',u,g,i,v,'(-inf-1.02]',f,f,'(-inf-0.5]',f,g,'(-inf-105]','(-inf-492]',n
missing,'(-inf-38.96]','(-inf-4.2075]',y,p,missing,missing,'(-inf-1.02]',f,f,'(-inf-0.5]',f,s,'(-inf-105]','(-inf-492]',n
a,'(-inf-38.96]','(-inf-4.2075]',u,g,i,v,'(-inf-1.02]',f,t,'(2.5-inf)',t,g,'(105-inf)','(-inf-492]',n
b,'(-inf-38.96]','(-inf-4.2075]',y,p,k,v,'(-inf-1.02]',f,t,'(0.5-2.5]',t,g,'(105-inf)','(-inf-492]',n
a,'(-inf-38.96]','(4.2075-inf)',u,g,aa,v,'(1.02-inf)',f,t,'(2.5-inf)',t,g,'(-inf-105]','(-inf-492]',n
b,'(-inf-38.96]','(-inf-4.2075]',y,p,c,v,'(-inf-1.02]',f,t,'(0.5-2.5]',f,g,'(105-inf)','(-inf-492]',n
b,'(-inf-38.96]','(-inf-4.2075]',u,g,m,v,'(1.02-inf)',f,f,'(-inf-0.5]',f,s,'(-inf-105]','(-inf-492]',n
b,'(38.96-inf)','(4.2075-inf)',y,p,ff,ff,'(-inf-1.02]',f,t,'(0.5-2.5]',f,g,'(-inf-105]','(-inf-492]',n
b,'(-inf-38.96]','(-inf-4.2075]',y,p,k,v,'(-inf-1.02]',f,f,'(-inf-0.5]',f,g,'(105-inf)','(492-inf)',n
b,'(-inf-38.96]','(4.2075-inf)',y,p,aa,v,'(-inf-1.02]',f,f,'(-inf-0.5]',t,g,'(105-inf)','(-inf-492]',n
b,'(-inf-38.96]','(-inf-4.2075]',y,p,ff,ff,'(-inf-1.02]',f,f,'(-inf-0.5]',t,g,'(105-inf)','(-inf-492]',n
missing,'(38.96-inf)','(-inf-4.2075]',u,g,q,v,'(-inf-1.02]',f,f,'(-inf-0.5]',t,g,'(105-inf)','(-inf-492]',n
a,'(38.96-inf)','(-inf-4.2075]',u,g,q,h,'(1.02-inf)',t,t,'(0.5-2.5]',f,g,'(105-inf)','(492-inf)',y
b,'(-inf-38.96]','(-inf-4.2075]',u,g,q,v,'(1.02-inf)',t,t,'(0.5-2.5]',t,g,'(105-inf)','(492-inf)',y
b,'(38.96-inf)','(4.2075-inf)',u,g,m,v,'(1.02-inf)',t,t,'(2.5-inf)',f,g,'(105-inf)','(492-inf)',y
a,'(-inf-38.96]','(4.2075-inf)',u,g,c,h,'(1.02-inf)',t,f,'(-inf-0.5]',f,g,'(105-inf)','(-inf-492]',y
a,'(-inf-38.96]','(4.2075-inf)',y,p,c,h,'(1.02-inf)',t,f,'(-inf-0.5]',f,g,'(105-inf)','(-inf-492]',y
b,'(-inf-38.96]','(4.2075-inf)',u,g,w,v,'(1.02-inf)',t,f,'(-inf-0.5]',f,g,'(105-inf)','(492-inf)',y
a,'(-inf-38.96]','(-inf-4.2075]',u,g,x,h,'(1.02-inf)',t,f,'(-inf-0.5]',t,g,'(105-inf)','(492-inf)',y
b,'(-inf-38.96]','(4.2075-inf)',u,g,c,v,'(1.02-inf)',t,t,'(2.5-inf)',t,g,'(-inf-105]','(-inf-492]',y
b,'(-inf-38.96]','(-inf-4.2075]',u,g,c,v,'(1.02-inf)',t,t,'(2.5-inf)',t,g,'(105-inf)','(-inf-492]',y
b,'(-inf-38.96]','(4.2075-inf)',u,g,c,v,'(1.02-inf)',t,t,'(2.5-inf)',f,g,'(105-inf)','(492-inf)',y
b,missing,'(-inf-4.2075]',u,g,x,v,'(1.02-inf)',t,t,'(2.5-inf)',t,g,'(105-inf)','(492-inf)',y
b,'(38.96-inf)','(4.2075-inf)',u,g,cc,v,'(1.02-inf)',t,t,'(2.5-inf)',t,g,'(-inf-105]','(-inf-492]',y
a,'(38.96-inf)','(-inf-4.2075]',u,g,ff,ff,'(-inf-1.02]',t,t,'(0.5-2.5]',f,g,'(105-inf)','(-inf-492]',y
b,'(-inf-38.96]','(4.2075-inf)',u,g,x,v,'(1.02-inf)',t,t,'(0.5-2.5]',f,g,'(105-inf)','(-inf-492]',y
a,'(-inf-38.96]','(-inf-4.2075]',u,g,c,v,'(1.02-inf)',t,t,'(0.5-2.5]',t,g,'(105-inf)','(-inf-492]',y
b,'(-inf-38.96]','(4.2075-inf)',u,g,c,v,'(1.02-inf)',t,t,'(2.5-inf)',f,g,'(-inf-105]','(492-inf)',y
a,'(-inf-38.96]','(4.2075-inf)',u,g,aa,v,'(-inf-1.02]',t,t,'(0.5-2.5]',f,g,'(-inf-105]','(492-inf)',y
a,'(-inf-38.96]','(-inf-4.2075]',u,g,q,h,'(1.02-inf)',t,t,'(2.5-inf)',f,g,'(-inf-105]','(492-inf)',y
a,'(-inf-38.96]','(4.2075-inf)',u,g,c,v,'(1.02-inf)',t,t,'(0.5-2.5]',f,g,'(105-inf)','(-inf-492]',y
b,'(-inf-38.96]','(4.2075-inf)',y,p,w,v,'(1.02-inf)',t,t,'(0.5-2.5]',t,g,'(-inf-105]','(-inf-492]',y
b,'(-inf-38.96]','(-inf-4.2075]',y,p,w,v,'(1.02-inf)',t,t,'(0.5-2.5]',t,g,'(105-inf)','(492-inf)',y
a,'(38.96-inf)','(-inf-4.2075]',u,g,j,j,'(-inf-1.02]',t,f,'(-inf-0.5]',f,g,'(-inf-105]','(492-inf)',y
a,'(38.96-inf)','(-inf-4.2075]',u,g,c,v,'(1.02-inf)',t,f,'(-inf-0.5]',f,g,'(-inf-105]','(-inf-492]',y
b,'(-inf-38.96]','(4.2075-inf)',u,g,e,dd,'(-inf-1.02]',t,f,'(-inf-0.5]',f,g,'(-inf-105]','(-inf-492]',y
b,'(-inf-38.96]','(-inf-4.2075]',y,p,c,h,'(1.02-inf)',t,f,'(-inf-0.5]',f,g,'(-inf-105]','(-inf-492]',y
b,missing,'(4.2075-inf)',u,g,x,v,'(1.02-inf)',t,f,'(-inf-0.5]',f,g,'(-inf-105]','(-inf-492]',y
a,'(38.96-inf)','(4.2075-inf)',u,g,aa,v,'(1.02-inf)',t,t,'(2.5-inf)',f,g,'(-inf-105]','(-inf-492]',y
b,'(-inf-38.96]','(-inf-4.2075]',u,g,c,v,'(1.02-inf)',t,t,'(2.5-inf)',t,g,'(105-inf)','(492-inf)',y
a,'(-inf-38.96]','(-inf-4.2075]',u,g,q,v,'(-inf-1.02]',t,t,'(2.5-inf)',f,g,'(-inf-105]','(-inf-492]',y
b,'(38.96-inf)','(-inf-4.2075]',u,g,x,v,'(-inf-1.02]',t,t,'(2.5-inf)',t,g,'(105-inf)','(-inf-492]',y
missing,'(-inf-38.96]','(4.2075-inf)',u,g,k,v,'(1.02-inf)',t,t,'(0.5-2.5]',f,g,'(105-inf)','(-inf-492]',y
a,'(-inf-38.96]','(4.2075-inf)',u,g,e,dd,'(1.02-inf)',t,t,'(2.5-inf)',t,g,'(-inf-105]','(492-inf)',y
b,'(-inf-38.96]','(-inf-4.2075]',u,g,m,v,'(1.02-inf)',t,t,'(0.5-2.5]',f,g,'(105-inf)','(492-inf)',y
a,'(-inf-38.96]','(4.2075-inf)',u,g,q,v,'(1.02-inf)',t,t,'(2.5-inf)',f,g,'(-inf-105]','(492-inf)',n
a,'(-inf-38.96]','(-inf-4.2075]',u,g,q,v,'(1.02-inf)',t,f,'(-inf-0.5]',t,g,'(105-inf)','(-inf-492]',n
b,'(38.96-inf)','(-inf-4.2075]',u,g,c,v,'(1.02-inf)',t,f,'(-inf-0.5]',t,g,'(105-inf)','(-inf-492]',n
b,'(38.96-inf)','(-inf-4.2075]',u,g,k,v,'(-inf-1.02]',t,f,'(-inf-0.5]',f,g,'(105-inf)','(-inf-492]',n
a,'(38.96-inf)','(-inf-4.2075]',u,g,i,bb,'(-inf-1.02]',t,f,'(-inf-0.5]',t,g,'(105-inf)','(492-inf)',n
a,'(38.96-inf)','(4.2075-inf)',u,g,k,h,'(1.02-inf)',t,t,'(2.5-inf)',t,g,'(-inf-105]','(-inf-492]',n
b,'(38.96-inf)','(4.2075-inf)',u,g,q,h,'(-inf-1.02]',t,t,'(0.5-2.5]',f,g,'(105-inf)','(-inf-492]',n
a,'(-inf-38.96]','(-inf-4.2075]',u,g,c,h,'(1.02-inf)',t,f,'(-inf-0.5]',t,g,'(105-inf)','(-inf-492]',n
a,'(-inf-38.96]','(-inf-4.2075]',u,g,aa,h,'(1.02-inf)',t,f,'(-inf-0.5]',f,g,'(105-inf)','(-inf-492]',n
b,'(38.96-inf)','(-inf-4.2075]',u,g,i,bb,'(-inf-1.02]',t,f,'(-inf-0.5]',f,g,'(105-inf)','(-inf-492]',n
b,'(38.96-inf)','(-inf-4.2075]',u,g,ff,ff,'(-inf-1.02]',t,f,'(-inf-0.5]',f,g,'(105-inf)','(-inf-492]',n
b,'(-inf-38.96]','(-inf-4.2075]',u,g,aa,v,'(1.02-inf)',t,f,'(-inf-0.5]',t,g,'(105-inf)','(-inf-492]',n
a,'(-inf-38.96]','(-inf-4.2075]',y,p,ff,ff,'(-inf-1.02]',t,f,'(-inf-0.5]',f,g,'(105-inf)','(-inf-492]',n
a,'(-inf-38.96]','(-inf-4.2075]',u,g,ff,ff,'(-inf-1.02]',t,f,'(-inf-0.5]',f,g,'(-inf-105]','(-inf-492]',n
b,'(-inf-38.96]','(-inf-4.2075]',u,g,x,h,'(1.02-inf)',t,f,'(-inf-0.5]',t,g,'(105-inf)','(-inf-492]',n
b,'(-inf-38.96]','(-inf-4.2075]',u,g,w,bb,'(-inf-1.02]',t,f,'(-inf-0.5]',t,g,'(105-inf)','(-inf-492]',n
b,'(38.96-inf)','(4.2075-inf)',u,g,missing,missing,'(-inf-1.02]',t,f,'(-inf-0.5]',f,g,'(-inf-105]','(-inf-492]',n
b,'(-inf-38.96]','(-inf-4.2075]',y,p,cc,v,'(1.02-inf)',t,f,'(-inf-0.5]',t,g,'(-inf-105]','(-inf-492]',n
b,'(38.96-inf)','(-inf-4.2075]',u,g,i,bb,'(-inf-1.02]',t,f,'(-inf-0.5]',f,g,'(-inf-105]','(-inf-492]',n
b,'(-inf-38.96]','(4.2075-inf)',y,p,k,h,'(-inf-1.02]',t,f,'(-inf-0.5]',t,g,'(105-inf)','(-inf-492]',n
b,'(-inf-38.96]','(-inf-4.2075]',u,g,w,v,'(1.02-inf)',t,f,'(-inf-0.5]',t,g,'(105-inf)','(-inf-492]',n
b,'(-inf-38.96]','(-inf-4.2075]',y,p,i,bb,'(-inf-1.02]',t,t,'(2.5-inf)',t,g,'(105-inf)','(-inf-492]',n
b,'(38.96-inf)','(4.2075-inf)',y,p,d,v,'(1.02-inf)',t,f,'(-inf-0.5]',f,s,'(-inf-105]','(-inf-492]',n
b,'(-inf-38.96]','(-inf-4.2075]',y,p,w,v,'(1.02-inf)',t,t,'(2.5-inf)',t,g,'(105-inf)','(-inf-492]',n
b,'(-inf-38.96]','(-inf-4.2075]',u,g,d,h,'(1.02-inf)',t,t,'(2.5-inf)',f,g,'(105-inf)','(-inf-492]',y
b,'(-inf-38.96]','(-inf-4.2075]',u,g,x,v,'(-inf-1.02]',t,t,'(2.5-inf)',t,g,'(105-inf)','(492-inf)',y
b,'(38.96-inf)','(4.2075-inf)',u,g,m,v,'(1.02-inf)',t,f,'(-inf-0.5]',f,s,'(105-inf)','(-inf-492]',y
b,'(38.96-inf)','(4.2075-inf)',u,g,e,z,'(1.02-inf)',t,t,'(0.5-2.5]',t,g,'(-inf-105]','(-inf-492]',y
b,'(38.96-inf)','(4.2075-inf)',u,g,i,bb,'(-inf-1.02]',t,t,'(2.5-inf)',f,g,'(-inf-105]','(492-inf)',y
b,'(-inf-38.96]','(4.2075-inf)',u,g,r,n,'(1.02-inf)',t,t,'(2.5-inf)',t,g,'(-inf-105]','(-inf-492]',y
b,'(-inf-38.96]','(-inf-4.2075]',u,g,w,v,'(1.02-inf)',t,t,'(2.5-inf)',f,g,'(105-inf)','(492-inf)',y
a,'(-inf-38.96]','(4.2075-inf)',y,p,x,h,'(-inf-1.02]',t,t,'(2.5-inf)',f,g,'(-inf-105]','(-inf-492]',y
b,'(38.96-inf)','(-inf-4.2075]',u,g,c,h,'(-inf-1.02]',t,t,'(2.5-inf)',f,g,'(105-inf)','(492-inf)',y
b,'(-inf-38.96]','(4.2075-inf)',u,g,w,v,'(1.02-inf)',t,t,'(0.5-2.5]',t,g,'(105-inf)','(-inf-492]',y
a,'(-inf-38.96]','(-inf-4.2075]',u,g,w,v,'(1.02-inf)',t,t,'(2.5-inf)',f,g,'(105-inf)','(492-inf)',y
b,'(38.96-inf)','(-inf-4.2075]',u,g,x,h,'(-inf-1.02]',t,f,'(-inf-0.5]',f,g,'(-inf-105]','(492-inf)',y
a,'(-inf-38.96]','(-inf-4.2075]',u,g,q,h,'(1.02-inf)',t,t,'(2.5-inf)',t,g,'(105-inf)','(492-inf)',y
a,'(-inf-38.96]','(4.2075-inf)',u,g,cc,h,'(1.02-inf)',t,t,'(2.5-inf)',f,g,'(105-inf)','(-inf-492]',y
b,'(-inf-38.96]','(-inf-4.2075]',u,g,x,h,'(1.02-inf)',t,f,'(-inf-0.5]',f,g,'(-inf-105]','(492-inf)',y
b,'(-inf-38.96]','(-inf-4.2075]',u,g,c,h,'(1.02-inf)',t,f,'(-inf-0.5]',f,g,'(105-inf)','(-inf-492]',y
b,'(-inf-38.96]','(4.2075-inf)',u,g,q,h,'(1.02-inf)',t,f,'(-inf-0.5]',t,g,'(105-inf)','(-inf-492]',y
b,'(38.96-inf)','(4.2075-inf)',u,g,q,h,'(1.02-inf)',t,f,'(-inf-0.5]',t,g,'(-inf-105]','(-inf-492]',y
a,'(-inf-38.96]','(-inf-4.2075]',u,g,aa,v,'(-inf-1.02]',t,f,'(-inf-0.5]',f,g,'(-inf-105]','(-inf-492]',y
b,'(-inf-38.96]','(4.2075-inf)',u,g,w,h,'(1.02-inf)',t,t,'(2.5-inf)',t,g,'(105-inf)','(-inf-492]',y
a,'(-inf-38.96]','(-inf-4.2075]',u,g,x,h,'(-inf-1.02]',t,f,'(-inf-0.5]',f,g,'(105-inf)','(-inf-492]',y
b,'(38.96-inf)','(-inf-4.2075]',y,p,c,v,'(-inf-1.02]',t,t,'(2.5-inf)',t,g,'(105-inf)','(-inf-492]',y
a,'(-inf-38.96]','(-inf-4.2075]',u,g,aa,v,'(-inf-1.02]',t,t,'(2.5-inf)',f,g,'(-inf-105]','(492-inf)',y
b,'(38.96-inf)','(-inf-4.2075]',u,g,w,v,'(1.02-inf)',t,t,'(2.5-inf)',t,g,'(-inf-105]','(-inf-492]',y
b,'(-inf-38.96]','(-inf-4.2075]',y,p,d,v,'(1.02-inf)',t,t,'(2.5-inf)',t,g,'(105-inf)','(-inf-492]',y
b,'(-inf-38.96]','(-inf-4.2075]',y,p,x,v,'(-inf-1.02]',t,t,'(0.5-2.5]',t,g,'(105-inf)','(-inf-492]',y
a,'(38.96-inf)','(4.2075-inf)',u,g,ff,ff,'(-inf-1.02]',t,t,'(2.5-inf)',t,g,'(-inf-105]','(492-inf)',y
a,'(-inf-38.96]','(4.2075-inf)',u,g,c,h,'(-inf-1.02]',t,t,'(2.5-inf)',f,g,'(-inf-105]','(492-inf)',y
b,'(-inf-38.96]','(-inf-4.2075]',y,p,c,h,'(1.02-inf)',t,t,'(0.5-2.5]',t,g,'(105-inf)','(492-inf)',y
b,'(-inf-38.96]','(-inf-4.2075]',u,g,c,v,'(1.02-inf)',t,t,'(2.5-inf)',f,g,'(-inf-105]','(492-inf)',y
b,'(-inf-38.96]','(4.2075-inf)',u,g,c,v,'(-inf-1.02]',t,t,'(2.5-inf)',f,g,'(-inf-105]','(-inf-492]',y
b,'(38.96-inf)','(-inf-4.2075]',u,g,c,v,'(1.02-inf)',t,t,'(2.5-inf)',f,g,'(105-inf)','(492-inf)',y
b,'(38.96-inf)','(4.2075-inf)',u,g,m,v,'(1.02-inf)',t,t,'(2.5-inf)',t,g,'(105-inf)','(492-inf)',y
b,'(-inf-38.96]','(-inf-4.2075]',u,g,x,v,'(1.02-inf)',t,t,'(2.5-inf)',t,g,'(105-inf)','(492-inf)',y
b,'(38.96-inf)','(-inf-4.2075]',u,g,e,v,'(-inf-1.02]',f,t,'(0.5-2.5]',f,s,'(105-inf)','(-inf-492]',y
b,'(38.96-inf)','(4.2075-inf)',u,g,m,v,'(-inf-1.02]',t,f,'(-inf-0.5]',t,g,'(105-inf)','(-inf-492]',y
b,'(-inf-38.96]','(4.2075-inf)',y,p,w,h,'(1.02-inf)',t,f,'(-inf-0.5]',t,g,'(105-inf)','(-inf-492]',y
a,'(-inf-38.96]','(4.2075-inf)',y,p,e,z,'(-inf-1.02]',t,f,'(-inf-0.5]',f,g,'(-inf-105]','(492-inf)',y
b,'(38.96-inf)','(4.2075-inf)',u,g,ff,ff,'(-inf-1.02]',t,f,'(-inf-0.5]',t,g,'(-inf-105]','(-inf-492]',y
b,'(38.96-inf)','(4.2075-inf)',u,g,x,h,'(1.02-inf)',t,t,'(2.5-inf)',t,g,'(-inf-105]','(492-inf)',y
b,'(38.96-inf)','(4.2075-inf)',u,g,c,v,'(1.02-inf)',t,t,'(2.5-inf)',f,g,'(-inf-105]','(-inf-492]',y
b,'(-inf-38.96]','(-inf-4.2075]',y,p,c,v,'(-inf-1.02]',t,t,'(2.5-inf)',t,g,'(105-inf)','(492-inf)',y
b,'(-inf-38.96]','(-inf-4.2075]',u,g,c,v,'(-inf-1.02]',t,t,'(2.5-inf)',t,g,'(-inf-105]','(492-inf)',y
b,'(-inf-38.96]','(4.2075-inf)',u,g,cc,v,'(1.02-inf)',t,t,'(2.5-inf)',f,g,'(105-inf)','(492-inf)',y
b,'(-inf-38.96]','(-inf-4.2075]',u,g,c,h,'(1.02-inf)',t,t,'(2.5-inf)',t,g,'(105-inf)','(-inf-492]',y
b,'(-inf-38.96]','(-inf-4.2075]',missing,missing,missing,missing,'(-inf-1.02]',f,f,'(-inf-0.5]',f,p,missing,'(-inf-492]',y
b,'(-inf-38.96]','(4.2075-inf)',u,g,w,v,'(-inf-1.02]',f,f,'(-inf-0.5]',t,g,'(105-inf)','(-inf-492]',y
b,'(-inf-38.96]','(-inf-4.2075]',u,g,k,v,'(-inf-1.02]',t,f,'(-inf-0.5]',t,g,'(105-inf)','(-inf-492]',y
b,'(-inf-38.96]','(-inf-4.2075]',u,g,c,bb,'(-inf-1.02]',t,f,'(-inf-0.5]',f,g,'(105-inf)','(-inf-492]',y
a,'(38.96-inf)','(-inf-4.2075]',u,g,c,v,'(1.02-inf)',t,t,'(2.5-inf)',t,g,'(105-inf)','(492-inf)',y
a,'(-inf-38.96]','(4.2075-inf)',u,g,aa,v,'(1.02-inf)',t,t,'(2.5-inf)',f,g,'(-inf-105]','(492-inf)',y
missing,'(-inf-38.96]','(-inf-4.2075]',u,g,q,v,'(-inf-1.02]',f,t,'(0.5-2.5]',f,g,'(105-inf)','(492-inf)',y
b,'(-inf-38.96]','(-inf-4.2075]',u,g,c,v,'(1.02-inf)',t,t,'(2.5-inf)',t,g,'(105-inf)','(492-inf)',y
a,'(-inf-38.96]','(-inf-4.2075]',u,g,k,v,'(-inf-1.02]',t,t,'(2.5-inf)',f,g,'(105-inf)','(492-inf)',y
missing,'(38.96-inf)','(-inf-4.2075]',y,p,missing,missing,'(-inf-1.02]',f,f,'(-inf-0.5]',t,g,'(105-inf)','(-inf-492]',n
b,'(-inf-38.96]','(-inf-4.2075]',y,p,k,v,'(-inf-1.02]',f,f,'(-inf-0.5]',f,g,'(105-inf)','(-inf-492]',n
b,'(-inf-38.96]','(-inf-4.2075]',u,g,q,v,'(-inf-1.02]',f,f,'(-inf-0.5]',f,g,'(105-inf)','(-inf-492]',n
b,'(-inf-38.96]','(-inf-4.2075]',u,g,c,h,'(-inf-1.02]',t,f,'(-inf-0.5]',f,g,'(105-inf)','(-inf-492]',n
a,'(-inf-38.96]','(-inf-4.2075]',y,p,k,v,'(1.02-inf)',f,f,'(-inf-0.5]',t,g,'(105-inf)','(-inf-492]',n
b,'(-inf-38.96]','(-inf-4.2075]',u,g,c,v,'(-inf-1.02]',f,f,'(-inf-0.5]',f,g,'(-inf-105]','(-inf-492]',y
b,'(-inf-38.96]','(-inf-4.2075]',u,g,k,v,'(-inf-1.02]',f,f,'(-inf-0.5]',t,g,'(105-inf)','(-inf-492]',n
b,missing,'(-inf-4.2075]',y,p,d,v,'(1.02-inf)',f,f,'(-inf-0.5]',t,g,'(105-inf)','(-inf-492]',n
b,'(38.96-inf)','(-inf-4.2075]',u,g,x,bb,'(-inf-1.02]',f,f,'(-inf-0.5]',t,g,'(105-inf)','(-inf-492]',n
b,'(-inf-38.96]','(-inf-4.2075]',y,p,k,v,'(-inf-1.02]',f,f,'(-inf-0.5]',f,g,'(105-inf)','(-inf-492]',n
b,'(-inf-38.96]','(-inf-4.2075]',y,p,q,h,'(1.02-inf)',f,t,'(0.5-2.5]',t,g,'(105-inf)','(-inf-492]',n
b,'(-inf-38.96]','(-inf-4.2075]',u,g,w,v,'(-inf-1.02]',f,t,'(0.5-2.5]',f,g,'(105-inf)','(-inf-492]',n
b,'(-inf-38.96]','(4.2075-inf)',u,g,c,bb,'(-inf-1.02]',f,t,'(0.5-2.5]',t,g,'(105-inf)','(-inf-492]',n
a,'(-inf-38.96]','(4.2075-inf)',u,g,c,v,'(-inf-1.02]',f,f,'(-inf-0.5]',f,g,'(105-inf)','(-inf-492]',n
b,'(-inf-38.96]','(-inf-4.2075]',u,g,c,h,'(-inf-1.02]',f,t,'(0.5-2.5]',t,g,'(105-inf)','(-inf-492]',n
b,'(-inf-38.96]','(-inf-4.2075]',u,g,i,v,'(1.02-inf)',f,t,'(0.5-2.5]',t,g,'(105-inf)','(-inf-492]',n
b,'(-inf-38.96]','(4.2075-inf)',y,p,ff,ff,'(-inf-1.02]',f,t,'(0.5-2.5]',f,g,'(105-inf)','(-inf-492]',n
b,'(-inf-38.96]','(4.2075-inf)',u,g,m,v,'(1.02-inf)',f,t,'(0.5-2.5]',t,g,'(105-inf)','(-inf-492]',n
b,'(-inf-38.96]','(4.2075-inf)',y,p,aa,v,'(-inf-1.02]',t,f,'(-inf-0.5]',f,g,'(105-inf)','(-inf-492]',n
b,'(-inf-38.96]','(-inf-4.2075]',u,g,i,v,'(-inf-1.02]',f,f,'(-inf-0.5]',f,g,'(105-inf)','(-inf-492]',n
b,'(-inf-38.96]','(-inf-4.2075]',u,g,c,j,'(1.02-inf)',f,f,'(-inf-0.5]',t,s,'(-inf-105]','(-inf-492]',y
a,'(-inf-38.96]','(-inf-4.2075]',missing,missing,missing,missing,'(-inf-1.02]',f,f,'(-inf-0.5]',f,p,missing,'(-inf-492]',y
b,'(-inf-38.96]','(-inf-4.2075]',u,g,q,v,'(-inf-1.02]',f,f,'(-inf-0.5]',f,g,'(105-inf)','(-inf-492]',n
b,'(-inf-38.96]','(-inf-4.2075]',y,p,cc,v,'(-inf-1.02]',f,f,'(-inf-0.5]',f,g,'(105-inf)','(-inf-492]',n
b,'(-inf-38.96]','(4.2075-inf)',u,g,c,v,'(1.02-inf)',f,f,'(-inf-0.5]',f,s,'(-inf-105]','(-inf-492]',n
b,'(-inf-38.96]','(4.2075-inf)',y,p,i,bb,'(-inf-1.02]',f,f,'(-inf-0.5]',t,g,missing,'(-inf-492]',n
b,'(-inf-38.96]','(-inf-4.2075]',u,g,ff,ff,'(-inf-1.02]',f,f,'(-inf-0.5]',f,g,'(-inf-105]','(492-inf)',n
b,'(-inf-38.96]','(4.2075-inf)',u,g,d,h,'(-inf-1.02]',f,f,'(-inf-0.5]',f,g,'(105-inf)','(-inf-492]',n
a,'(-inf-38.96]','(-inf-4.2075]',u,g,w,v,'(1.02-inf)',f,f,'(-inf-0.5]',f,g,'(105-inf)','(-inf-492]',n
a,'(-inf-38.96]','(-inf-4.2075]',u,g,q,v,'(-inf-1.02]',f,f,'(-inf-0.5]',t,g,'(105-inf)','(492-inf)',n
a,'(-inf-38.96]','(-inf-4.2075]',u,g,m,h,'(-inf-1.02]',f,t,'(0.5-2.5]',t,g,'(105-inf)','(-inf-492]',n
a,'(-inf-38.96]','(-inf-4.2075]',u,g,ff,ff,'(-inf-1.02]',f,f,'(-inf-0.5]',f,g,'(-inf-105]','(-inf-492]',n
b,'(-inf-38.96]','(-inf-4.2075]',y,p,k,ff,'(-inf-1.02]',f,f,'(-inf-0.5]',f,g,'(105-inf)','(-inf-492]',n
a,'(-inf-38.96]','(-inf-4.2075]',u,g,w,v,'(-inf-1.02]',f,t,'(0.5-2.5]',t,g,'(105-inf)','(-inf-492]',n
b,'(-inf-38.96]','(-inf-4.2075]',u,g,c,n,'(-inf-1.02]',f,t,'(0.5-2.5]',t,g,'(105-inf)','(492-inf)',n
b,'(38.96-inf)','(-inf-4.2075]',y,p,m,v,'(-inf-1.02]',f,f,'(-inf-0.5]',t,g,'(105-inf)','(-inf-492]',n
b,'(-inf-38.96]','(4.2075-inf)',u,g,aa,v,'(-inf-1.02]',f,f,'(-inf-0.5]',f,g,'(-inf-105]','(-inf-492]',n
b,'(-inf-38.96]','(-inf-4.2075]',u,g,aa,v,'(-inf-1.02]',f,f,'(-inf-0.5]',t,g,'(-inf-105]','(-inf-492]',n
b,'(-inf-38.96]','(-inf-4.2075]',u,g,k,v,'(1.02-inf)',f,f,'(-inf-0.5]',t,g,'(105-inf)','(-inf-492]',n
b,'(-inf-38.96]','(-inf-4.2075]',u,g,i,bb,'(1.02-inf)',f,f,'(-inf-0.5]',t,g,'(105-inf)','(-inf-492]',n
missing,'(-inf-38.96]','(-inf-4.2075]',y,p,cc,v,'(1.02-inf)',f,f,'(-inf-0.5]',t,g,'(105-inf)','(-inf-492]',n
b,'(-inf-38.96]','(-inf-4.2075]',y,p,aa,v,'(1.02-inf)',f,f,'(-inf-0.5]',t,g,'(105-inf)','(-inf-492]',n
a,'(38.96-inf)','(4.2075-inf)',u,g,aa,h,'(1.02-inf)',f,f,'(-inf-0.5]',f,g,'(-inf-105]','(-inf-492]',n
b,'(-inf-38.96]','(-inf-4.2075]',y,p,w,v,'(-inf-1.02]',f,f,'(-inf-0.5]',t,g,'(105-inf)','(-inf-492]',n
b,'(-inf-38.96]','(-inf-4.2075]',u,g,cc,v,'(-inf-1.02]',f,f,'(-inf-0.5]',t,g,'(-inf-105]','(492-inf)',n
a,'(-inf-38.96]','(4.2075-inf)',u,g,c,v,'(-inf-1.02]',f,f,'(-inf-0.5]',f,g,'(-inf-105]','(-inf-492]',n
b,'(-inf-38.96]','(4.2075-inf)',u,g,aa,v,'(-inf-1.02]',f,f,'(-inf-0.5]',t,g,'(-inf-105]','(-inf-492]',n
b,'(-inf-38.96]','(-inf-4.2075]',u,g,k,h,'(1.02-inf)',f,f,'(-inf-0.5]',t,g,'(105-inf)','(-inf-492]',n
a,'(-inf-38.96]','(-inf-4.2075]',u,g,ff,ff,'(-inf-1.02]',f,t,'(2.5-inf)',f,g,'(-inf-105]','(-inf-492]',n
b,'(38.96-inf)','(-inf-4.2075]',u,g,i,bb,'(-inf-1.02]',f,f,'(-inf-0.5]',f,g,'(-inf-105]','(-inf-492]',n
a,'(-inf-38.96]','(4.2075-inf)',u,g,q,v,'(-inf-1.02]',f,t,'(0.5-2.5]',t,g,'(-inf-105]','(-inf-492]',n
a,'(-inf-38.96]','(-inf-4.2075]',u,g,i,v,'(-inf-1.02]',f,f,'(-inf-0.5]',t,s,'(105-inf)','(-inf-492]',n
b,'(-inf-38.96]','(4.2075-inf)',u,g,i,v,'(-inf-1.02]',t,f,'(-inf-0.5]',t,g,'(-inf-105]','(-inf-492]',n
a,'(-inf-38.96]','(-inf-4.2075]',u,g,q,v,'(-inf-1.02]',f,t,'(0.5-2.5]',t,g,'(105-inf)','(-inf-492]',n
a,'(-inf-38.96]','(4.2075-inf)',y,p,ff,ff,'(-inf-1.02]',f,f,'(-inf-0.5]',f,g,'(-inf-105]','(-inf-492]',n
b,'(-inf-38.96]','(-inf-4.2075]',u,g,c,h,'(1.02-inf)',f,t,'(0.5-2.5]',t,g,'(105-inf)','(-inf-492]',n
a,'(-inf-38.96]','(-inf-4.2075]',u,g,aa,v,'(-inf-1.02]',f,f,'(-inf-0.5]',f,g,'(-inf-105]','(-inf-492]',n
a,'(-inf-38.96]','(-inf-4.2075]',u,g,c,v,'(-inf-1.02]',f,f,'(-inf-0.5]',f,g,'(105-inf)','(-inf-492]',n
a,'(-inf-38.96]','(-inf-4.2075]',u,g,c,v,'(-inf-1.02]',f,t,'(0.5-2.5]',t,g,'(-inf-105]','(-inf-492]',n
b,'(-inf-38.96]','(4.2075-inf)',u,g,aa,v,'(-inf-1.02]',f,f,'(-inf-0.5]',f,g,'(-inf-105]','(-inf-492]',n
b,'(-inf-38.96]','(-inf-4.2075]',u,g,c,v,'(-inf-1.02]',f,f,'(-inf-0.5]',f,g,'(105-inf)','(-inf-492]',n
a,'(-inf-38.96]','(-inf-4.2075]',u,g,w,v,'(-inf-1.02]',f,f,'(-inf-0.5]',t,g,'(105-inf)','(-inf-492]',n
b,'(-inf-38.96]','(-inf-4.2075]',y,p,cc,v,'(1.02-inf)',f,f,'(-inf-0.5]',t,g,'(105-inf)','(-inf-492]',n
b,'(-inf-38.96]','(-inf-4.2075]',y,p,w,v,'(-inf-1.02]',f,f,'(-inf-0.5]',f,s,'(105-inf)','(-inf-492]',n
b,'(-inf-38.96]','(-inf-4.2075]',y,p,m,v,'(-inf-1.02]',f,f,'(-inf-0.5]',f,g,'(-inf-105]','(-inf-492]',n
a,'(-inf-38.96]','(4.2075-inf)',u,g,c,v,'(-inf-1.02]',f,f,'(-inf-0.5]',t,g,'(105-inf)','(-inf-492]',n
a,'(-inf-38.96]','(-inf-4.2075]',u,g,c,v,'(1.02-inf)',f,t,'(0.5-2.5]',t,g,'(-inf-105]','(-inf-492]',n
b,'(-inf-38.96]','(-inf-4.2075]',u,g,d,h,'(-inf-1.02]',f,f,'(-inf-0.5]',t,s,'(105-inf)','(-inf-492]',n
b,'(38.96-inf)','(-inf-4.2075]',y,p,ff,ff,'(1.02-inf)',f,f,'(-inf-0.5]',f,g,'(105-inf)','(-inf-492]',n
b,'(38.96-inf)','(4.2075-inf)',u,g,w,v,'(1.02-inf)',f,f,'(-inf-0.5]',f,g,'(105-inf)','(-inf-492]',n
b,'(-inf-38.96]','(4.2075-inf)',u,g,cc,v,'(-inf-1.02]',f,f,'(-inf-0.5]',f,g,'(-inf-105]','(-inf-492]',n
a,'(38.96-inf)','(-inf-4.2075]',u,g,aa,v,'(-inf-1.02]',f,f,'(-inf-0.5]',t,g,'(105-inf)','(-inf-492]',n
missing,'(-inf-38.96]','(-inf-4.2075]',y,p,e,h,'(1.02-inf)',f,f,'(-inf-0.5]',f,g,'(105-inf)','(-inf-492]',n
a,'(-inf-38.96]','(-inf-4.2075]',u,g,i,h,'(-inf-1.02]',f,f,'(-inf-0.5]',f,g,'(105-inf)','(-inf-492]',n
a,'(38.96-inf)','(-inf-4.2075]',u,g,aa,v,'(-inf-1.02]',f,f,'(-inf-0.5]',f,g,'(105-inf)','(-inf-492]',n
a,'(-inf-38.96]','(4.2075-inf)',u,g,q,h,'(-inf-1.02]',f,t,'(2.5-inf)',t,g,'(105-inf)','(-inf-492]',n
b,'(-inf-38.96]','(4.2075-inf)',u,g,m,v,'(-inf-1.02]',f,t,'(0.5-2.5]',f,g,'(-inf-105]','(-inf-492]',n
a,'(-inf-38.96]','(4.2075-inf)',u,g,ff,ff,'(-inf-1.02]',f,f,'(-inf-0.5]',f,g,'(-inf-105]','(-inf-492]',n
a,'(-inf-38.96]','(-inf-4.2075]',u,g,c,v,'(-inf-1.02]',f,f,'(-inf-0.5]',f,g,'(-inf-105]','(-inf-492]',n
b,'(-inf-38.96]','(-inf-4.2075]',u,g,k,v,'(-inf-1.02]',f,f,'(-inf-0.5]',f,g,'(105-inf)','(-inf-492]',n
b,'(-inf-38.96]','(-inf-4.2075]',y,p,d,h,'(1.02-inf)',f,f,'(-inf-0.5]',f,g,'(105-inf)','(492-inf)',n
b,'(-inf-38.96]','(-inf-4.2075]',u,g,i,v,'(-inf-1.02]',f,f,'(-inf-0.5]',t,g,'(105-inf)','(-inf-492]',n
b,'(-inf-38.96]','(-inf-4.2075]',y,p,d,v,'(-inf-1.02]',f,f,'(-inf-0.5]',f,g,'(105-inf)','(-inf-492]',n
b,'(38.96-inf)','(-inf-4.2075]',u,g,m,v,'(1.02-inf)',f,f,'(-inf-0.5]',t,s,'(105-inf)','(-inf-492]',n
b,'(-inf-38.96]','(4.2075-inf)',y,p,e,h,'(1.02-inf)',f,f,'(-inf-0.5]',f,g,'(105-inf)','(-inf-492]',n
a,'(-inf-38.96]','(-inf-4.2075]',u,g,c,v,'(1.02-inf)',f,t,'(0.5-2.5]',t,g,'(105-inf)','(-inf-492]',n
a,'(-inf-38.96]','(4.2075-inf)',y,p,ff,ff,'(1.02-inf)',f,t,'(0.5-2.5]',t,g,'(105-inf)','(-inf-492]',n
b,'(-inf-38.96]','(-inf-4.2075]',u,g,aa,v,'(-inf-1.02]',f,f,'(-inf-0.5]',f,g,'(105-inf)','(492-inf)',n
b,'(-inf-38.96]','(-inf-4.2075]',u,g,c,h,'(1.02-inf)',f,f,'(-inf-0.5]',t,g,'(-inf-105]','(-inf-492]',n
