id,A1,A2,A3,A4,A5,A6,A7,A8,A9,A10,A11,A12,A13,A14,A15,class
1,b,\'(-inf-38.96]\',\'(-inf-4.2075]\',u,g,w,v,\'(1.02-inf)\',t,t,\'(0.5-2.5]\',f,g,\'(105-inf)\',\'(-inf-492]\',y
2,a,\'(38.96-inf)\',\'(4.2075-inf)\',u,g,q,h,\'(1.02-inf)\',t,t,\'(2.5-inf)\',f,g,\'(-inf-105]\',\'(492-inf)\',y
3,a,\'(-inf-38.96]\',\'(-inf-4.2075]\',u,g,q,h,\'(1.02-inf)\',t,f,\'(-inf-0.5]\',f,g,\'(105-inf)\',\'(492-inf)\',y
4,b,\'(-inf-38.96]\',\'(-inf-4.2075]\',u,g,w,v,\'(1.02-inf)\',t,t,\'(2.5-inf)\',t,g,\'(-inf-105]\',\'(-inf-492]\',y
5,b,\'(-inf-38.96]\',\'(4.2075-inf)\',u,g,w,v,\'(1.02-inf)\',t,f,\'(-inf-0.5]\',f,s,\'(105-inf)\',\'(-inf-492]\',y
6,b,\'(-inf-38.96]\',\'(-inf-4.2075]\',u,g,m,v,\'(1.02-inf)\',t,f,\'(-inf-0.5]\',t,g,\'(105-inf)\',\'(-inf-492]\',y
7,b,\'(-inf-38.96]\',\'(-inf-4.2075]\',u,g,r,h,\'(1.02-inf)\',t,f,\'(-inf-0.5]\',t,g,\'(105-inf)\',\'(492-inf)\',y
8,a,\'(-inf-38.96]\',\'(4.2075-inf)\',u,g,cc,v,\'(-inf-1.02]\',t,f,\'(-inf-0.5]\',f,g,\'(-inf-105]\',\'(492-inf)\',y
9,b,\'(38.96-inf)\',\'(-inf-4.2075]\',y,p,k,h,\'(1.02-inf)\',t,f,\'(-inf-0.5]\',f,g,\'(105-inf)\',\'(-inf-492]\',y
10,b,\'(38.96-inf)\',\'(4.2075-inf)\',y,p,w,v,\'(1.02-inf)\',t,f,\'(-inf-0.5]\',t,g,\'(-inf-105]\',\'(492-inf)\',y
11,b,\'(-inf-38.96]\',\'(-inf-4.2075]\',u,g,c,h,\'(1.02-inf)\',f,f,\'(-inf-0.5]\',t,g,\'(105-inf)\',\'(-inf-492]\',y
12,b,\'(-inf-38.96]\',\'(-inf-4.2075]\',u,g,c,h,\'(1.02-inf)\',t,f,\'(-inf-0.5]\',f,g,\'(105-inf)\',\'(-inf-492]\',y
13,a,\'(-inf-38.96]\',\'(4.2075-inf)\',u,g,k,v,\'(-inf-1.02]\',t,f,\'(-inf-0.5]\',t,g,\'(-inf-105]\',\'(-inf-492]\',y
14,b,\'(38.96-inf)\',\'(4.2075-inf)\',u,g,k,v,\'(-inf-1.02]\',f,f,\'(-inf-0.5]\',f,g,\'(-inf-105]\',\'(492-inf)\',y
15,a,\'(38.96-inf)\',\'(4.2075-inf)\',u,g,q,v,\'(1.02-inf)\',t,t,\'(2.5-inf)\',t,g,\'(-inf-105]\',\'(-inf-492]\',y
16,b,\'(-inf-38.96]\',\'(4.2075-inf)\',y,p,k,v,\'(-inf-1.02]\',t,t,\'(2.5-inf)\',t,g,\'(105-inf)\',\'(-inf-492]\',y
17,b,\'(-inf-38.96]\',\'(-inf-4.2075]\',u,g,m,v,\'(-inf-1.02]\',t,t,\'(2.5-inf)\',t,g,\'(105-inf)\',\'(-inf-492]\',y
18,a,\'(-inf-38.96]\',\'(4.2075-inf)\',u,g,q,v,\'(1.02-inf)\',t,t,\'(2.5-inf)\',f,g,\'(105-inf)\',\'(-inf-492]\',y
19,b,\'(-inf-38.96]\',\'(-inf-4.2075]\',u,g,d,h,\'(-inf-1.02]\',t,f,\'(-inf-0.5]\',t,g,\'(-inf-105]\',\'(-inf-492]\',y
20,a,\'(-inf-38.96]\',\'(4.2075-inf)\',u,g,cc,h,\'(-inf-1.02]\',t,t,\'(2.5-inf)\',f,g,\'(-inf-105]\',\'(-inf-492]\',y
21,b,\'(-inf-38.96]\',\'(4.2075-inf)\',u,g,c,v,\'(1.02-inf)\',t,t,\'(2.5-inf)\',f,g,\'(105-inf)\',\'(492-inf)\',y
22,b,\'(-inf-38.96]\',\'(-inf-4.2075]\',u,g,c,v,\'(-inf-1.02]\',t,f,\'(-inf-0.5]\',f,s,\'(105-inf)\',\'(-inf-492]\',y
23,a,\'(38.96-inf)\',\'(4.2075-inf)\',u,g,c,v,\'(1.02-inf)\',t,t,\'(2.5-inf)\',t,g,\'(-inf-105]\',\'(492-inf)\',y
24,a,\'(-inf-38.96]\',\'(4.2075-inf)\',u,g,x,h,\'(1.02-inf)\',t,t,\'(0.5-2.5]\',f,g,\'(105-inf)\',\'(-inf-492]\',y
25,a,\'(38.96-inf)\',\'(4.2075-inf)\',u,g,q,v,\'(-inf-1.02]\',t,t,\'(2.5-inf)\',t,g,\'(105-inf)\',\'(-inf-492]\',y
26,a,\'(-inf-38.96]\',\'(-inf-4.2075]\',u,g,c,h,\'(1.02-inf)\',t,t,\'(0.5-2.5]\',f,g,\'(-inf-105]\',\'(-inf-492]\',y
27,a,\'(38.96-inf)\',\'(4.2075-inf)\',u,g,i,bb,\'(1.02-inf)\',t,t,\'(2.5-inf)\',t,g,\'(-inf-105]\',\'(-inf-492]\',y
28,b,\'(38.96-inf)\',\'(4.2075-inf)\',u,g,d,bb,\'(1.02-inf)\',t,t,\'(2.5-inf)\',t,g,\'(-inf-105]\',\'(-inf-492]\',y
29,b,\'(38.96-inf)\',\'(4.2075-inf)\',u,g,e,h,\'(1.02-inf)\',t,t,\'(2.5-inf)\',f,g,\'(-inf-105]\',\'(-inf-492]\',y
30,b,\'(38.96-inf)\',\'(-inf-4.2075]\',u,g,w,v,\'(1.02-inf)\',t,t,\'(2.5-inf)\',t,g,\'(105-inf)\',\'(492-inf)\',y
31,b,\'(-inf-38.96]\',\'(4.2075-inf)\',u,g,aa,v,\'(1.02-inf)\',t,t,\'(2.5-inf)\',t,g,\'(105-inf)\',\'(-inf-492]\',y
32,b,\'(38.96-inf)\',\'(4.2075-inf)\',u,g,x,h,\'(1.02-inf)\',t,t,\'(2.5-inf)\',f,g,\'(-inf-105]\',\'(-inf-492]\',y
33,b,\'(38.96-inf)\',\'(4.2075-inf)\',u,g,i,bb,\'(1.02-inf)\',t,t,\'(2.5-inf)\',t,g,\'(-inf-105]\',\'(492-inf)\',y
34,a,\'(-inf-38.96]\',\'(4.2075-inf)\',u,g,e,v,\'(1.02-inf)\',t,f,\'(-inf-0.5]\',t,g,\'(-inf-105]\',\'(492-inf)\',y
35,a,\'(-inf-38.96]\',\'(4.2075-inf)\',u,g,q,v,\'(-inf-1.02]\',t,t,\'(2.5-inf)\',t,g,\'(-inf-105]\',\'(492-inf)\',y
36,b,\'(-inf-38.96]\',\'(-inf-4.2075]\',u,g,w,v,\'(1.02-inf)\',t,t,\'(2.5-inf)\',t,g,\'(105-inf)\',\'(-inf-492]\',y
37,b,\'(-inf-38.96]\',\'(-inf-4.2075]\',u,g,cc,h,\'(1.02-inf)\',t,t,\'(2.5-inf)\',t,g,\'(105-inf)\',\'(492-inf)\',y
38,a,\'(-inf-38.96]\',\'(4.2075-inf)\',u,g,x,h,\'(-inf-1.02]\',t,t,\'(0.5-2.5]\',t,g,\'(105-inf)\',\'(492-inf)\',y
39,b,\'(-inf-38.96]\',\'(-inf-4.2075]\',y,p,cc,v,\'(-inf-1.02]\',t,t,\'(0.5-2.5]\',f,g,\'(105-inf)\',\'(492-inf)\',y
40,b,\'(38.96-inf)\',\'(4.2075-inf)\',u,g,ff,ff,\'(1.02-inf)\',t,t,\'(2.5-inf)\',t,g,\'(-inf-105]\',\'(-inf-492]\',y
41,b,\'(-inf-38.96]\',\'(4.2075-inf)\',u,g,c,v,\'(1.02-inf)\',t,t,\'(2.5-inf)\',t,g,\'(-inf-105]\',\'(-inf-492]\',y
42,b,\'(-inf-38.96]\',\'(4.2075-inf)\',u,g,c,h,\'(1.02-inf)\',t,t,\'(2.5-inf)\',f,g,\'(-inf-105]\',\'(492-inf)\',y
43,b,\'(-inf-38.96]\',\'(-inf-4.2075]\',u,g,w,h,\'(-inf-1.02]\',t,t,\'(0.5-2.5]\',f,g,\'(105-inf)\',\'(-inf-492]\',y
44,b,\'(38.96-inf)\',\'(4.2075-inf)\',u,g,w,v,\'(1.02-inf)\',t,t,\'(2.5-inf)\',t,g,\'(-inf-105]\',\'(-inf-492]\',y
45,b,\'(38.96-inf)\',\'(4.2075-inf)\',y,p,c,v,\'(1.02-inf)\',t,t,\'(2.5-inf)\',f,g,\'(-inf-105]\',\'(-inf-492]\',y
46,b,\'(38.96-inf)\',\'(4.2075-inf)\',u,g,c,h,\'(1.02-inf)\',t,t,\'(2.5-inf)\',t,g,\'(-inf-105]\',\'(-inf-492]\',y
47,a,\'(38.96-inf)\',\'(-inf-4.2075]\',y,p,q,h,\'(-inf-1.02]\',t,t,\'(2.5-inf)\',t,g,\'(105-inf)\',\'(492-inf)\',y
48,b,\'(-inf-38.96]\',\'(4.2075-inf)\',u,g,cc,h,\'(1.02-inf)\',t,t,\'(2.5-inf)\',f,g,\'(105-inf)\',\'(-inf-492]\',y
49,b,\'(38.96-inf)\',\'(-inf-4.2075]\',u,g,i,bb,\'(1.02-inf)\',f,f,\'(-inf-0.5]\',f,g,\'(105-inf)\',\'(-inf-492]\',y
50,b,\'(-inf-38.96]\',\'(-inf-4.2075]\',u,g,c,v,\'(-inf-1.02]\',f,f,\'(-inf-0.5]\',f,g,\'(-inf-105]\',\'(-inf-492]\',y
51,a,\'(-inf-38.96]\',\'(-inf-4.2075]\',u,g,c,h,\'(-inf-1.02]\',t,f,\'(-inf-0.5]\',t,g,\'(105-inf)\',\'(-inf-492]\',y
52,b,\'(-inf-38.96]\',\'(-inf-4.2075]\',u,g,q,v,\'(1.02-inf)\',t,f,\'(-inf-0.5]\',t,g,\'(105-inf)\',\'(-inf-492]\',y
53,b,\'(-inf-38.96]\',\'(-inf-4.2075]\',u,g,w,v,\'(-inf-1.02]\',t,f,\'(-inf-0.5]\',t,g,\'(105-inf)\',\'(492-inf)\',y
54,b,\'(-inf-38.96]\',\'(-inf-4.2075]\',u,g,w,v,\'(-inf-1.02]\',t,f,\'(-inf-0.5]\',t,g,\'(105-inf)\',\'(-inf-492]\',y
55,b,\'(-inf-38.96]\',\'(-inf-4.2075]\',u,g,cc,h,\'(1.02-inf)\',t,f,\'(-inf-0.5]\',t,g,\'(-inf-105]\',\'(-inf-492]\',y
56,b,\'(-inf-38.96]\',\'(4.2075-inf)\',y,p,w,v,\'(-inf-1.02]\',t,f,\'(-inf-0.5]\',t,g,\'(105-inf)\',\'(-inf-492]\',y
57,b,\'(-inf-38.96]\',\'(-inf-4.2075]\',u,g,cc,v,\'(-inf-1.02]\',t,f,\'(-inf-0.5]\',f,g,\'(-inf-105]\',\'(-inf-492]\',y
58,b,\'(38.96-inf)\',\'(-inf-4.2075]\',u,g,i,h,\'(1.02-inf)\',t,f,\'(-inf-0.5]\',t,g,\'(105-inf)\',\'(-inf-492]\',y
59,b,\'(-inf-38.96]\',\'(4.2075-inf)\',u,g,x,h,\'(1.02-inf)\',f,f,\'(-inf-0.5]\',t,s,\'(105-inf)\',\'(-inf-492]\',y
60,b,\'(38.96-inf)\',\'(-inf-4.2075]\',u,g,q,h,\'(1.02-inf)\',t,t,\'(2.5-inf)\',f,g,\'(-inf-105]\',\'(-inf-492]\',y
61,b,\'(38.96-inf)\',\'(4.2075-inf)\',u,g,m,v,\'(1.02-inf)\',t,t,\'(2.5-inf)\',t,g,\'(105-inf)\',\'(-inf-492]\',y
62,b,\'(-inf-38.96]\',\'(4.2075-inf)\',u,g,d,v,\'(1.02-inf)\',t,t,\'(2.5-inf)\',f,g,\'(105-inf)\',\'(492-inf)\',y
63,a,\'(-inf-38.96]\',\'(-inf-4.2075]\',y,p,q,v,\'(1.02-inf)\',t,t,\'(0.5-2.5]\',t,g,\'(-inf-105]\',\'(-inf-492]\',y
64,a,\'(-inf-38.96]\',\'(-inf-4.2075]\',u,g,q,v,\'(1.02-inf)\',t,t,\'(0.5-2.5]\',f,g,\'(-inf-105]\',\'(-inf-492]\',y
65,b,\'(-inf-38.96]\',\'(4.2075-inf)\',u,g,cc,v,\'(1.02-inf)\',t,t,\'(0.5-2.5]\',t,g,\'(105-inf)\',\'(-inf-492]\',y
66,b,\'(-inf-38.96]\',\'(-inf-4.2075]\',u,g,cc,v,\'(1.02-inf)\',t,t,\'(0.5-2.5]\',t,g,\'(105-inf)\',\'(492-inf)\',y
67,a,\'(-inf-38.96]\',\'(-inf-4.2075]\',u,g,c,v,\'(1.02-inf)\',t,t,\'(2.5-inf)\',f,g,\'(-inf-105]\',\'(-inf-492]\',y
68,b,\'(-inf-38.96]\',\'(-inf-4.2075]\',u,g,m,v,\'(-inf-1.02]\',t,t,\'(2.5-inf)\',f,g,\'(105-inf)\',\'(492-inf)\',y
69,b,\'(-inf-38.96]\',\'(4.2075-inf)\',u,g,w,h,\'(1.02-inf)\',t,t,\'(2.5-inf)\',f,g,\'(-inf-105]\',\'(492-inf)\',y
70,b,\'(-inf-38.96]\',\'(4.2075-inf)\',u,g,x,h,\'(1.02-inf)\',t,t,\'(0.5-2.5]\',t,g,\'(105-inf)\',\'(492-inf)\',y
71,b,\'(-inf-38.96]\',\'(4.2075-inf)\',u,g,e,bb,\'(1.02-inf)\',t,f,\'(-inf-0.5]\',t,s,\'(105-inf)\',\'(-inf-492]\',n
72,b,\'(-inf-38.96]\',\'(-inf-4.2075]\',u,g,d,bb,\'(1.02-inf)\',t,f,\'(-inf-0.5]\',t,g,missing,\'(-inf-492]\',n
73,a,\'(-inf-38.96]\',\'(4.2075-inf)\',u,g,cc,v,\'(1.02-inf)\',t,f,\'(-inf-0.5]\',t,g,\'(105-inf)\',\'(-inf-492]\',n
74,b,\'(38.96-inf)\',\'(-inf-4.2075]\',u,g,m,v,\'(1.02-inf)\',t,f,\'(-inf-0.5]\',f,s,\'(105-inf)\',\'(-inf-492]\',n
75,b,\'(38.96-inf)\',\'(4.2075-inf)\',y,p,c,v,\'(1.02-inf)\',f,f,\'(-inf-0.5]\',f,g,\'(105-inf)\',\'(-inf-492]\',n
76,b,\'(-inf-38.96]\',\'(4.2075-inf)\',u,g,q,v,\'(-inf-1.02]\',t,t,\'(0.5-2.5]\',f,g,\'(105-inf)\',\'(-inf-492]\',n
77,b,\'(-inf-38.96]\',\'(4.2075-inf)\',u,g,aa,v,\'(-inf-1.02]\',t,f,\'(-inf-0.5]\',t,g,\'(105-inf)\',\'(-inf-492]\',n
78,a,\'(-inf-38.96]\',\'(-inf-4.2075]\',y,p,aa,v,\'(-inf-1.02]\',t,f,\'(-inf-0.5]\',t,g,\'(105-inf)\',\'(-inf-492]\',n
79,b,\'(-inf-38.96]\',\'(-inf-4.2075]\',y,p,k,v,\'(1.02-inf)\',t,t,\'(0.5-2.5]\',f,g,\'(105-inf)\',\'(-inf-492]\',n
80,b,\'(-inf-38.96]\',\'(4.2075-inf)\',u,g,c,v,\'(-inf-1.02]\',t,f,\'(-inf-0.5]\',f,g,\'(105-inf)\',\'(-inf-492]\',n
81,b,\'(38.96-inf)\',\'(4.2075-inf)\',u,g,ff,ff,\'(-inf-1.02]\',t,t,\'(0.5-2.5]\',f,g,\'(-inf-105]\',\'(-inf-492]\',n
82,a,\'(-inf-38.96]\',\'(-inf-4.2075]\',u,g,m,v,\'(1.02-inf)\',t,f,\'(-inf-0.5]\',f,s,\'(105-inf)\',\'(-inf-492]\',n
83,b,\'(38.96-inf)\',\'(-inf-4.2075]\',u,g,m,v,\'(-inf-1.02]\',t,f,\'(-inf-0.5]\',f,s,\'(105-inf)\',\'(-inf-492]\',n
84,a,missing,\'(-inf-4.2075]\',u,g,d,v,\'(1.02-inf)\',t,f,\'(-inf-0.5]\',t,g,\'(105-inf)\',\'(-inf-492]\',n
85,b,\'(-inf-38.96]\',\'(-inf-4.2075]\',u,g,aa,v,\'(-inf-1.02]\',t,f,\'(-inf-0.5]\',t,g,\'(105-inf)\',\'(-inf-492]\',n
86,b,\'(-inf-38.96]\',\'(-inf-4.2075]\',u,g,c,bb,\'(1.02-inf)\',t,f,\'(-inf-0.5]\',t,s,\'(105-inf)\',\'(-inf-492]\',n
87,b,missing,\'(-inf-4.2075]\',u,g,d,v,\'(-inf-1.02]\',t,f,\'(-inf-0.5]\',t,s,\'(105-inf)\',\'(-inf-492]\',n
88,b,\'(-inf-38.96]\',\'(-inf-4.2075]\',y,p,aa,v,\'(1.02-inf)\',t,f,\'(-inf-0.5]\',f,g,\'(105-inf)\',\'(-inf-492]\',n
89,b,\'(-inf-38.96]\',\'(4.2075-inf)\',u,g,aa,v,\'(-inf-1.02]\',t,f,\'(-inf-0.5]\',t,g,\'(105-inf)\',\'(-inf-492]\',n
90,a,\'(38.96-inf)\',\'(-inf-4.2075]\',u,g,j,j,\'(-inf-1.02]\',t,f,\'(-inf-0.5]\',t,g,\'(-inf-105]\',\'(-inf-492]\',n
91,b,\'(38.96-inf)\',\'(4.2075-inf)\',y,p,c,h,\'(1.02-inf)\',t,f,\'(-inf-0.5]\',f,g,\'(105-inf)\',\'(-inf-492]\',n
92,b,\'(-inf-38.96]\',\'(4.2075-inf)\',u,g,c,v,\'(-inf-1.02]\',t,f,\'(-inf-0.5]\',f,g,\'(105-inf)\',\'(-inf-492]\',n
93,b,missing,\'(4.2075-inf)\',y,p,aa,v,\'(1.02-inf)\',t,f,\'(-inf-0.5]\',f,g,\'(-inf-105]\',\'(-inf-492]\',n
94,b,\'(38.96-inf)\',\'(-inf-4.2075]\',y,p,c,h,\'(1.02-inf)\',t,f,\'(-inf-0.5]\',t,g,\'(105-inf)\',\'(-inf-492]\',n
95,b,\'(-inf-38.96]\',\'(-inf-4.2075]\',y,p,c,v,\'(1.02-inf)\',t,f,\'(-inf-0.5]\',t,g,\'(-inf-105]\',\'(-inf-492]\',n
96,a,\'(-inf-38.96]\',\'(-inf-4.2075]\',u,g,i,bb,\'(-inf-1.02]\',t,f,\'(-inf-0.5]\',t,g,\'(105-inf)\',\'(-inf-492]\',n
97,b,\'(-inf-38.96]\',\'(-inf-4.2075]\',y,p,aa,v,\'(-inf-1.02]\',t,f,\'(-inf-0.5]\',f,g,\'(105-inf)\',\'(-inf-492]\',n
98,b,missing,\'(-inf-4.2075]\',u,g,c,bb,\'(-inf-1.02]\',t,f,\'(-inf-0.5]\',t,s,\'(105-inf)\',\'(-inf-492]\',n
99,a,\'(-inf-38.96]\',\'(4.2075-inf)\',y,p,q,v,\'(1.02-inf)\',t,f,\'(-inf-0.5]\',t,g,\'(105-inf)\',\'(-inf-492]\',n
100,a,\'(-inf-38.96]\',\'(-inf-4.2075]\',u,g,q,v,\'(-inf-1.02]\',t,t,\'(0.5-2.5]\',t,g,\'(105-inf)\',\'(492-inf)\',n
101,b,\'(-inf-38.96]\',\'(-inf-4.2075]\',y,p,c,bb,\'(-inf-1.02]\',t,f,\'(-inf-0.5]\',t,g,\'(105-inf)\',\'(-inf-492]\',n
102,b,\'(-inf-38.96]\',\'(4.2075-inf)\',y,p,c,v,\'(1.02-inf)\',t,f,\'(-inf-0.5]\',f,g,\'(-inf-105]\',\'(-inf-492]\',n
103,b,\'(-inf-38.96]\',\'(4.2075-inf)\',u,g,q,v,\'(-inf-1.02]\',t,t,\'(0.5-2.5]\',f,g,\'(-inf-105]\',\'(-inf-492]\',n
104,b,\'(-inf-38.96]\',\'(4.2075-inf)\',u,g,k,v,\'(1.02-inf)\',t,t,\'(0.5-2.5]\',t,g,\'(105-inf)\',\'(-inf-492]\',n
105,b,\'(-inf-38.96]\',\'(-inf-4.2075]\',y,p,i,h,\'(1.02-inf)\',t,t,\'(0.5-2.5]\',t,g,\'(-inf-105]\',\'(-inf-492]\',n
106,b,\'(38.96-inf)\',\'(4.2075-inf)\',u,g,e,z,\'(-inf-1.02]\',t,t,\'(2.5-inf)\',f,g,\'(105-inf)\',\'(-inf-492]\',n
107,b,\'(-inf-38.96]\',\'(-inf-4.2075]\',u,g,k,v,\'(-inf-1.02]\',t,f,\'(-inf-0.5]\',f,s,\'(105-inf)\',\'(-inf-492]\',n
108,a,\'(-inf-38.96]\',\'(4.2075-inf)\',y,p,aa,v,\'(1.02-inf)\',t,f,\'(-inf-0.5]\',f,g,\'(105-inf)\',\'(-inf-492]\',n
109,b,\'(38.96-inf)\',\'(-inf-4.2075]\',y,p,x,h,\'(1.02-inf)\',t,f,\'(-inf-0.5]\',t,g,\'(105-inf)\',\'(-inf-492]\',n
110,a,\'(-inf-38.96]\',\'(-inf-4.2075]\',u,g,c,v,\'(-inf-1.02]\',t,t,\'(2.5-inf)\',t,g,\'(105-inf)\',\'(-inf-492]\',n
111,b,\'(-inf-38.96]\',\'(-inf-4.2075]\',u,g,w,v,\'(1.02-inf)\',t,t,\'(2.5-inf)\',t,g,\'(105-inf)\',\'(-inf-492]\',n
112,a,\'(-inf-38.96]\',\'(-inf-4.2075]\',y,p,ff,ff,\'(-inf-1.02]\',t,t,\'(2.5-inf)\',f,g,\'(105-inf)\',\'(-inf-492]\',n
113,b,\'(-inf-38.96]\',\'(4.2075-inf)\',u,g,w,v,\'(-inf-1.02]\',t,f,\'(-inf-0.5]\',t,g,\'(105-inf)\',\'(-inf-492]\',n
114,a,\'(-inf-38.96]\',\'(-inf-4.2075]\',u,g,k,bb,\'(-inf-1.02]\',t,t,\'(2.5-inf)\',t,g,\'(105-inf)\',\'(-inf-492]\',n
115,b,\'(-inf-38.96]\',\'(-inf-4.2075]\',y,p,c,h,\'(1.02-inf)\',t,t,\'(2.5-inf)\',t,g,\'(105-inf)\',\'(-inf-492]\',n
116,a,\'(-inf-38.96]\',\'(-inf-4.2075]\',u,g,q,v,\'(1.02-inf)\',t,t,\'(0.5-2.5]\',f,g,\'(105-inf)\',\'(-inf-492]\',n
117,b,\'(-inf-38.96]\',\'(4.2075-inf)\',u,g,q,h,\'(1.02-inf)\',t,t,\'(2.5-inf)\',t,g,\'(105-inf)\',\'(-inf-492]\',n
118,b,\'(38.96-inf)\',\'(4.2075-inf)\',u,g,k,v,\'(1.02-inf)\',t,t,\'(2.5-inf)\',f,g,\'(-inf-105]\',\'(492-inf)\',y
119,b,\'(38.96-inf)\',\'(4.2075-inf)\',u,g,m,v,\'(1.02-inf)\',t,t,\'(2.5-inf)\',t,g,\'(105-inf)\',\'(492-inf)\',y
120,a,\'(-inf-38.96]\',\'(4.2075-inf)\',u,g,cc,h,\'(-inf-1.02]\',t,t,\'(0.5-2.5]\',t,g,\'(-inf-105]\',\'(-inf-492]\',y
121,b,\'(38.96-inf)\',\'(4.2075-inf)\',u,g,q,v,\'(-inf-1.02]\',t,t,\'(0.5-2.5]\',f,g,\'(105-inf)\',\'(-inf-492]\',y
122,b,\'(-inf-38.96]\',\'(4.2075-inf)\',u,g,cc,v,\'(1.02-inf)\',t,t,\'(2.5-inf)\',t,g,\'(105-inf)\',\'(-inf-492]\',y
123,a,\'(-inf-38.96]\',\'(4.2075-inf)\',u,g,aa,v,\'(1.02-inf)\',t,t,\'(2.5-inf)\',t,g,\'(105-inf)\',\'(492-inf)\',y
124,a,\'(38.96-inf)\',\'(4.2075-inf)\',u,g,q,v,\'(1.02-inf)\',t,t,\'(2.5-inf)\',t,g,\'(-inf-105]\',\'(-inf-492]\',y
125,a,\'(-inf-38.96]\',\'(4.2075-inf)\',u,g,q,v,\'(1.02-inf)\',t,t,\'(2.5-inf)\',t,g,\'(105-inf)\',\'(-inf-492]\',y
126,b,\'(-inf-38.96]\',\'(4.2075-inf)\',u,g,x,h,\'(1.02-inf)\',t,t,\'(2.5-inf)\',t,g,\'(-inf-105]\',\'(492-inf)\',y
127,b,\'(38.96-inf)\',\'(-inf-4.2075]\',u,g,m,bb,\'(1.02-inf)\',t,t,\'(2.5-inf)\',t,g,\'(105-inf)\',\'(492-inf)\',y
128,b,\'(-inf-38.96]\',\'(4.2075-inf)\',u,g,q,v,\'(1.02-inf)\',t,t,\'(2.5-inf)\',t,g,\'(-inf-105]\',\'(492-inf)\',y
129,b,\'(-inf-38.96]\',\'(4.2075-inf)\',u,g,i,bb,\'(1.02-inf)\',t,t,\'(0.5-2.5]\',f,g,\'(105-inf)\',\'(492-inf)\',y
130,a,\'(-inf-38.96]\',\'(-inf-4.2075]\',u,g,w,v,\'(-inf-1.02]\',t,f,\'(-inf-0.5]\',f,s,\'(105-inf)\',\'(-inf-492]\',y
131,b,\'(38.96-inf)\',\'(4.2075-inf)\',u,g,e,z,\'(1.02-inf)\',t,t,\'(0.5-2.5]\',t,g,\'(-inf-105]\',\'(-inf-492]\',y
132,b,\'(-inf-38.96]\',\'(-inf-4.2075]\',u,g,c,v,\'(1.02-inf)\',t,t,\'(0.5-2.5]\',f,g,\'(-inf-105]\',\'(-inf-492]\',y
133,a,\'(38.96-inf)\',\'(4.2075-inf)\',u,g,e,bb,\'(1.02-inf)\',t,t,\'(2.5-inf)\',f,g,\'(105-inf)\',\'(492-inf)\',y
134,b,\'(-inf-38.96]\',\'(4.2075-inf)\',u,g,c,bb,\'(1.02-inf)\',t,t,\'(2.5-inf)\',f,g,\'(-inf-105]\',\'(-inf-492]\',y
135,b,\'(-inf-38.96]\',\'(4.2075-inf)\',u,g,q,h,\'(1.02-inf)\',t,t,\'(2.5-inf)\',t,g,\'(105-inf)\',\'(492-inf)\',y
136,b,\'(38.96-inf)\',\'(4.2075-inf)\',u,g,q,h,\'(1.02-inf)\',t,f,\'(-inf-0.5]\',t,g,\'(105-inf)\',\'(-inf-492]\',y
137,b,\'(38.96-inf)\',\'(-inf-4.2075]\',y,p,aa,v,\'(-inf-1.02]\',t,t,\'(2.5-inf)\',f,g,\'(105-inf)\',\'(492-inf)\',y
138,b,\'(-inf-38.96]\',\'(-inf-4.2075]\',u,g,m,v,\'(1.02-inf)\',t,t,\'(2.5-inf)\',f,g,\'(105-inf)\',\'(-inf-492]\',y
139,a,\'(-inf-38.96]\',\'(4.2075-inf)\',u,g,w,v,\'(1.02-inf)\',t,t,\'(2.5-inf)\',t,g,\'(-inf-105]\',\'(492-inf)\',y
140,a,\'(-inf-38.96]\',\'(4.2075-inf)\',u,g,q,h,\'(1.02-inf)\',t,t,\'(0.5-2.5]\',f,g,\'(-inf-105]\',\'(492-inf)\',y
141,a,\'(-inf-38.96]\',\'(-inf-4.2075]\',u,g,cc,h,\'(-inf-1.02]\',t,t,\'(2.5-inf)\',t,g,\'(105-inf)\',\'(-inf-492]\',y
142,a,\'(38.96-inf)\',\'(4.2075-inf)\',u,g,j,ff,\'(-inf-1.02]\',t,t,\'(2.5-inf)\',f,g,\'(-inf-105]\',\'(-inf-492]\',y
143,b,\'(38.96-inf)\',\'(-inf-4.2075]\',y,p,cc,h,\'(1.02-inf)\',t,t,\'(2.5-inf)\',f,g,\'(-inf-105]\',\'(-inf-492]\',y
144,b,\'(-inf-38.96]\',\'(4.2075-inf)\',u,g,w,v,\'(1.02-inf)\',t,t,\'(0.5-2.5]\',f,g,\'(-inf-105]\',\'(-inf-492]\',y
145,b,\'(-inf-38.96]\',\'(-inf-4.2075]\',u,g,cc,h,\'(1.02-inf)\',t,t,\'(2.5-inf)\',f,g,\'(105-inf)\',\'(492-inf)\',y
146,b,\'(-inf-38.96]\',\'(-inf-4.2075]\',u,g,cc,h,\'(1.02-inf)\',t,t,\'(2.5-inf)\',f,g,\'(105-inf)\',\'(492-inf)\',y
147,b,\'(-inf-38.96]\',\'(-inf-4.2075]\',u,g,q,v,\'(1.02-inf)\',t,t,\'(2.5-inf)\',t,g,\'(-inf-105]\',\'(492-inf)\',y
148,a,\'(38.96-inf)\',\'(4.2075-inf)\',y,p,q,h,\'(1.02-inf)\',t,t,\'(2.5-inf)\',f,g,\'(-inf-105]\',\'(492-inf)\',y
149,a,\'(-inf-38.96]\',\'(4.2075-inf)\',u,g,c,bb,\'(1.02-inf)\',t,t,\'(2.5-inf)\',t,g,\'(-inf-105]\',\'(492-inf)\',y
150,a,\'(38.96-inf)\',\'(4.2075-inf)\',u,g,c,v,\'(1.02-inf)\',t,t,\'(2.5-inf)\',f,g,\'(-inf-105]\',\'(492-inf)\',y
151,a,\'(38.96-inf)\',\'(-inf-4.2075]\',u,g,cc,h,\'(-inf-1.02]\',t,t,\'(2.5-inf)\',t,g,\'(105-inf)\',\'(-inf-492]\',y
152,a,\'(38.96-inf)\',\'(4.2075-inf)\',u,g,q,v,\'(1.02-inf)\',t,t,\'(2.5-inf)\',f,g,\'(-inf-105]\',\'(492-inf)\',y
153,b,\'(-inf-38.96]\',\'(4.2075-inf)\',u,g,m,h,\'(1.02-inf)\',t,t,\'(2.5-inf)\',t,g,\'(-inf-105]\',\'(-inf-492]\',y
154,b,\'(-inf-38.96]\',\'(-inf-4.2075]\',u,g,c,v,\'(1.02-inf)\',t,t,\'(2.5-inf)\',t,g,\'(-inf-105]\',\'(492-inf)\',y
155,b,\'(-inf-38.96]\',\'(-inf-4.2075]\',u,g,cc,h,\'(1.02-inf)\',t,t,\'(2.5-inf)\',t,g,\'(-inf-105]\',\'(-inf-492]\',y
156,a,\'(-inf-38.96]\',\'(4.2075-inf)\',y,p,j,j,\'(-inf-1.02]\',t,t,\'(2.5-inf)\',t,g,\'(-inf-105]\',\'(-inf-492]\',y
157,a,\'(-inf-38.96]\',\'(-inf-4.2075]\',y,p,x,h,\'(1.02-inf)\',t,t,\'(0.5-2.5]\',f,g,\'(-inf-105]\',\'(-inf-492]\',y
158,a,\'(38.96-inf)\',\'(4.2075-inf)\',u,g,e,z,\'(-inf-1.02]\',t,t,\'(2.5-inf)\',f,g,\'(-inf-105]\',\'(492-inf)\',y
159,b,\'(-inf-38.96]\',\'(-inf-4.2075]\',u,g,k,h,\'(1.02-inf)\',t,t,\'(0.5-2.5]\',t,g,\'(105-inf)\',\'(-inf-492]\',y
160,b,\'(-inf-38.96]\',\'(-inf-4.2075]\',y,p,m,bb,\'(-inf-1.02]\',t,t,\'(0.5-2.5]\',t,g,\'(105-inf)\',\'(492-inf)\',y
161,b,\'(-inf-38.96]\',\'(-inf-4.2075]\',u,g,x,h,\'(-inf-1.02]\',t,t,\'(2.5-inf)\',f,g,\'(105-inf)\',\'(492-inf)\',y
162,b,\'(38.96-inf)\',\'(-inf-4.2075]\',u,g,m,v,\'(1.02-inf)\',t,t,\'(0.5-2.5]\',t,g,\'(-inf-105]\',\'(-inf-492]\',y
163,b,\'(-inf-38.96]\',\'(-inf-4.2075]\',u,g,x,v,\'(1.02-inf)\',t,t,\'(0.5-2.5]\',t,g,\'(105-inf)\',\'(-inf-492]\',y
164,b,\'(-inf-38.96]\',\'(-inf-4.2075]\',y,p,e,h,\'(-inf-1.02]\',t,f,\'(-inf-0.5]\',t,g,\'(105-inf)\',\'(-inf-492]\',y
165,a,\'(38.96-inf)\',\'(4.2075-inf)\',u,g,q,v,\'(1.02-inf)\',t,f,\'(-inf-0.5]\',t,g,\'(-inf-105]\',\'(492-inf)\',y
166,a,\'(38.96-inf)\',\'(4.2075-inf)\',u,g,q,h,\'(1.02-inf)\',t,f,\'(-inf-0.5]\',f,g,\'(-inf-105]\',\'(492-inf)\',y
167,b,\'(-inf-38.96]\',\'(4.2075-inf)\',u,g,q,v,\'(-inf-1.02]\',t,f,\'(-inf-0.5]\',t,g,\'(-inf-105]\',\'(-inf-492]\',y
168,a,\'(-inf-38.96]\',\'(-inf-4.2075]\',u,g,cc,v,\'(-inf-1.02]\',t,f,\'(-inf-0.5]\',f,g,\'(105-inf)\',\'(492-inf)\',y
169,b,\'(-inf-38.96]\',\'(-inf-4.2075]\',u,g,q,h,\'(1.02-inf)\',t,f,\'(-inf-0.5]\',t,g,\'(-inf-105]\',\'(492-inf)\',y
170,b,\'(-inf-38.96]\',\'(-inf-4.2075]\',y,p,d,v,\'(1.02-inf)\',f,f,\'(-inf-0.5]\',t,g,\'(105-inf)\',\'(-inf-492]\',y
171,a,\'(-inf-38.96]\',\'(-inf-4.2075]\',y,p,aa,v,\'(-inf-1.02]\',t,f,\'(-inf-0.5]\',t,g,\'(105-inf)\',\'(-inf-492]\',y
172,b,\'(38.96-inf)\',\'(-inf-4.2075]\',u,g,c,bb,\'(1.02-inf)\',t,f,\'(-inf-0.5]\',f,g,\'(-inf-105]\',\'(-inf-492]\',y
173,b,\'(38.96-inf)\',\'(4.2075-inf)\',u,g,k,h,\'(1.02-inf)\',t,f,\'(-inf-0.5]\',t,g,\'(-inf-105]\',\'(492-inf)\',y
174,a,\'(38.96-inf)\',\'(4.2075-inf)\',u,g,k,h,\'(1.02-inf)\',t,f,\'(-inf-0.5]\',t,g,\'(-inf-105]\',\'(-inf-492]\',y
175,b,\'(-inf-38.96]\',\'(4.2075-inf)\',u,g,q,h,\'(1.02-inf)\',t,f,\'(-inf-0.5]\',f,g,\'(-inf-105]\',\'(-inf-492]\',y
176,b,\'(-inf-38.96]\',\'(-inf-4.2075]\',y,p,w,v,\'(-inf-1.02]\',t,f,\'(-inf-0.5]\',t,g,\'(105-inf)\',\'(492-inf)\',y
177,b,\'(-inf-38.96]\',\'(4.2075-inf)\',u,g,aa,v,\'(1.02-inf)\',t,f,\'(-inf-0.5]\',t,s,\'(-inf-105]\',\'(-inf-492]\',y
178,a,\'(-inf-38.96]\',\'(4.2075-inf)\',u,g,aa,v,\'(1.02-inf)\',t,f,\'(-inf-0.5]\',f,g,\'(105-inf)\',\'(-inf-492]\',y
179,a,\'(-inf-38.96]\',\'(4.2075-inf)\',u,g,q,v,\'(1.02-inf)\',t,t,\'(2.5-inf)\',f,g,\'(-inf-105]\',\'(492-inf)\',y
180,b,\'(-inf-38.96]\',\'(4.2075-inf)\',u,g,aa,v,\'(1.02-inf)\',t,t,\'(2.5-inf)\',f,g,\'(-inf-105]\',\'(-inf-492]\',y
181,b,\'(38.96-inf)\',\'(-inf-4.2075]\',u,g,c,bb,\'(1.02-inf)\',t,t,\'(2.5-inf)\',f,g,\'(-inf-105]\',\'(492-inf)\',y
182,a,\'(-inf-38.96]\',\'(-inf-4.2075]\',u,g,i,bb,\'(-inf-1.02]\',t,t,\'(2.5-inf)\',f,s,\'(-inf-105]\',\'(-inf-492]\',y
183,a,\'(-inf-38.96]\',\'(-inf-4.2075]\',u,g,q,v,\'(-inf-1.02]\',t,t,\'(2.5-inf)\',f,g,\'(-inf-105]\',\'(-inf-492]\',y
184,a,\'(38.96-inf)\',\'(4.2075-inf)\',u,g,c,v,\'(1.02-inf)\',t,t,\'(2.5-inf)\',f,g,\'(-inf-105]\',\'(492-inf)\',y
185,a,\'(-inf-38.96]\',\'(4.2075-inf)\',u,g,q,v,\'(1.02-inf)\',t,t,\'(2.5-inf)\',f,g,\'(105-inf)\',\'(492-inf)\',y
186,b,\'(38.96-inf)\',\'(4.2075-inf)\',u,g,c,h,\'(1.02-inf)\',t,t,\'(2.5-inf)\',f,g,\'(105-inf)\',\'(492-inf)\',y
187,b,\'(38.96-inf)\',\'(4.2075-inf)\',u,g,aa,bb,\'(1.02-inf)\',t,t,\'(0.5-2.5]\',f,g,\'(-inf-105]\',\'(492-inf)\',y
188,b,\'(38.96-inf)\',\'(4.2075-inf)\',u,g,c,v,\'(1.02-inf)\',t,t,\'(2.5-inf)\',f,g,\'(-inf-105]\',\'(492-inf)\',y
189,a,\'(-inf-38.96]\',\'(-inf-4.2075]\',u,g,c,v,\'(1.02-inf)\',t,t,\'(2.5-inf)\',t,g,\'(105-inf)\',\'(492-inf)\',y
190,a,\'(-inf-38.96]\',\'(4.2075-inf)\',u,g,q,h,\'(1.02-inf)\',t,t,\'(0.5-2.5]\',f,g,\'(-inf-105]\',\'(-inf-492]\',y
191,b,\'(-inf-38.96]\',\'(4.2075-inf)\',u,g,c,v,\'(1.02-inf)\',t,f,\'(-inf-0.5]\',t,g,\'(-inf-105]\',\'(-inf-492]\',y
192,b,\'(38.96-inf)\',\'(-inf-4.2075]\',u,g,i,h,\'(1.02-inf)\',t,f,\'(-inf-0.5]\',f,g,\'(105-inf)\',\'(-inf-492]\',y
193,b,\'(38.96-inf)\',\'(-inf-4.2075]\',u,g,x,v,\'(1.02-inf)\',t,f,\'(-inf-0.5]\',f,g,\'(105-inf)\',\'(492-inf)\',y
194,b,\'(-inf-38.96]\',\'(-inf-4.2075]\',y,p,w,v,\'(1.02-inf)\',t,t,\'(2.5-inf)\',f,g,\'(-inf-105]\',\'(-inf-492]\',y
195,b,\'(-inf-38.96]\',\'(-inf-4.2075]\',y,p,i,bb,\'(1.02-inf)\',t,t,\'(2.5-inf)\',t,g,\'(105-inf)\',\'(-inf-492]\',y
196,b,\'(-inf-38.96]\',\'(4.2075-inf)\',y,p,c,bb,\'(1.02-inf)\',t,t,\'(2.5-inf)\',t,g,\'(105-inf)\',\'(-inf-492]\',y
197,b,\'(-inf-38.96]\',\'(-inf-4.2075]\',y,p,x,v,\'(1.02-inf)\',t,t,\'(2.5-inf)\',t,g,\'(105-inf)\',\'(-inf-492]\',y
198,b,\'(38.96-inf)\',\'(4.2075-inf)\',u,g,w,h,\'(1.02-inf)\',t,t,\'(2.5-inf)\',f,g,\'(-inf-105]\',\'(492-inf)\',y
199,b,\'(-inf-38.96]\',\'(-inf-4.2075]\',y,p,aa,v,\'(1.02-inf)\',t,t,\'(2.5-inf)\',t,g,\'(105-inf)\',\'(492-inf)\',y
200,b,\'(-inf-38.96]\',\'(4.2075-inf)\',u,g,x,v,\'(-inf-1.02]\',t,t,\'(2.5-inf)\',f,g,\'(-inf-105]\',\'(-inf-492]\',y
201,a,\'(-inf-38.96]\',\'(-inf-4.2075]\',u,g,q,h,\'(1.02-inf)\',t,t,\'(0.5-2.5]\',f,g,\'(-inf-105]\',\'(492-inf)\',y
202,a,\'(38.96-inf)\',\'(-inf-4.2075]\',u,g,i,bb,\'(1.02-inf)\',t,f,\'(-inf-0.5]\',t,g,\'(-inf-105]\',\'(-inf-492]\',y
203,b,\'(-inf-38.96]\',\'(-inf-4.2075]\',u,g,c,v,\'(1.02-inf)\',t,t,\'(2.5-inf)\',f,g,missing,\'(492-inf)\',y
204,a,\'(-inf-38.96]\',\'(4.2075-inf)\',u,g,q,v,\'(-inf-1.02]\',t,t,\'(0.5-2.5]\',t,g,\'(-inf-105]\',\'(-inf-492]\',y
205,b,\'(-inf-38.96]\',\'(-inf-4.2075]\',y,p,w,v,\'(-inf-1.02]\',t,t,\'(0.5-2.5]\',f,g,\'(-inf-105]\',\'(492-inf)\',y
206,a,\'(-inf-38.96]\',\'(4.2075-inf)\',u,g,q,h,\'(1.02-inf)\',t,t,\'(2.5-inf)\',f,g,\'(-inf-105]\',\'(492-inf)\',y
207,a,\'(38.96-inf)\',\'(-inf-4.2075]\',missing,missing,missing,missing,\'(-inf-1.02]\',f,f,\'(-inf-0.5]\',f,p,missing,\'(-inf-492]\',y
208,b,\'(-inf-38.96]\',\'(4.2075-inf)\',u,g,q,h,\'(1.02-inf)\',t,t,\'(2.5-inf)\',f,g,\'(105-inf)\',\'(-inf-492]\',y
209,b,\'(-inf-38.96]\',\'(-inf-4.2075]\',u,g,k,v,\'(1.02-inf)\',t,t,\'(2.5-inf)\',f,g,\'(105-inf)\',\'(492-inf)\',y
210,b,\'(38.96-inf)\',\'(4.2075-inf)\',u,g,c,bb,\'(1.02-inf)\',t,t,\'(2.5-inf)\',f,g,\'(105-inf)\',\'(492-inf)\',y
211,b,\'(38.96-inf)\',\'(4.2075-inf)\',u,g,cc,h,\'(1.02-inf)\',t,t,\'(2.5-inf)\',t,g,\'(105-inf)\',\'(-inf-492]\',y
212,b,\'(-inf-38.96]\',\'(4.2075-inf)\',y,p,d,v,\'(1.02-inf)\',t,f,\'(-inf-0.5]\',t,s,\'(-inf-105]\',\'(-inf-492]\',y
213,b,\'(38.96-inf)\',\'(4.2075-inf)\',u,g,ff,ff,\'(1.02-inf)\',t,t,\'(2.5-inf)\',t,g,\'(-inf-105]\',\'(492-inf)\',y
214,b,\'(-inf-38.96]\',\'(4.2075-inf)\',u,g,i,v,\'(1.02-inf)\',t,t,\'(2.5-inf)\',f,g,\'(-inf-105]\',\'(492-inf)\',y
215,b,\'(-inf-38.96]\',\'(-inf-4.2075]\',y,p,cc,v,\'(1.02-inf)\',t,t,\'(0.5-2.5]\',f,g,\'(105-inf)\',\'(-inf-492]\',y
216,b,\'(38.96-inf)\',\'(-inf-4.2075]\',u,g,aa,v,\'(1.02-inf)\',t,f,\'(-inf-0.5]\',f,s,\'(105-inf)\',\'(-inf-492]\',y
217,b,\'(38.96-inf)\',\'(-inf-4.2075]\',u,g,cc,h,\'(1.02-inf)\',t,t,\'(2.5-inf)\',f,g,\'(105-inf)\',\'(-inf-492]\',y
218,b,\'(38.96-inf)\',\'(4.2075-inf)\',u,g,ff,ff,\'(1.02-inf)\',t,t,\'(2.5-inf)\',f,g,\'(-inf-105]\',\'(492-inf)\',y
219,b,\'(38.96-inf)\',\'(4.2075-inf)\',u,g,e,v,\'(1.02-inf)\',t,t,\'(2.5-inf)\',f,g,\'(-inf-105]\',\'(-inf-492]\',y
220,a,\'(-inf-38.96]\',\'(4.2075-inf)\',y,p,c,v,\'(-inf-1.02]\',t,t,\'(2.5-inf)\',t,g,\'(-inf-105]\',\'(492-inf)\',y
221,a,\'(38.96-inf)\',\'(4.2075-inf)\',u,g,aa,v,\'(1.02-inf)\',t,t,\'(2.5-inf)\',t,g,\'(105-inf)\',\'(-inf-492]\',y
222,b,\'(38.96-inf)\',\'(4.2075-inf)\',u,g,e,z,\'(1.02-inf)\',t,t,\'(2.5-inf)\',t,g,\'(-inf-105]\',\'(-inf-492]\',y
223,a,\'(-inf-38.96]\',\'(4.2075-inf)\',u,g,aa,v,\'(1.02-inf)\',t,f,\'(-inf-0.5]\',t,g,\'(-inf-105]\',\'(-inf-492]\',y
224,a,\'(-inf-38.96]\',\'(4.2075-inf)\',u,g,aa,v,\'(-inf-1.02]\',t,f,\'(-inf-0.5]\',f,g,\'(-inf-105]\',\'(-inf-492]\',y
225,a,\'(-inf-38.96]\',\'(4.2075-inf)\',u,g,q,v,\'(-inf-1.02]\',t,f,\'(-inf-0.5]\',t,g,\'(105-inf)\',\'(-inf-492]\',y
226,b,\'(-inf-38.96]\',\'(-inf-4.2075]\',u,g,c,bb,\'(-inf-1.02]\',t,f,\'(-inf-0.5]\',t,g,\'(105-inf)\',\'(-inf-492]\',y
227,b,\'(-inf-38.96]\',\'(4.2075-inf)\',u,g,k,v,\'(-inf-1.02]\',t,f,\'(-inf-0.5]\',f,g,\'(-inf-105]\',\'(-inf-492]\',y
228,a,\'(-inf-38.96]\',\'(4.2075-inf)\',y,p,x,v,\'(1.02-inf)\',f,f,\'(-inf-0.5]\',f,g,\'(105-inf)\',\'(-inf-492]\',y
229,b,\'(-inf-38.96]\',\'(-inf-4.2075]\',u,g,q,v,\'(1.02-inf)\',t,t,\'(0.5-2.5]\',t,g,\'(-inf-105]\',\'(-inf-492]\',y
230,b,\'(-inf-38.96]\',\'(4.2075-inf)\',u,g,cc,v,\'(-inf-1.02]\',t,f,\'(-inf-0.5]\',f,g,\'(-inf-105]\',\'(-inf-492]\',y
231,b,\'(-inf-38.96]\',\'(-inf-4.2075]\',u,g,cc,v,\'(-inf-1.02]\',t,t,\'(2.5-inf)\',f,g,\'(-inf-105]\',\'(492-inf)\',y
232,a,\'(38.96-inf)\',\'(-inf-4.2075]\',u,g,x,v,\'(1.02-inf)\',t,t,\'(0.5-2.5]\',t,g,\'(105-inf)\',\'(492-inf)\',y
233,b,\'(-inf-38.96]\',\'(-inf-4.2075]\',u,g,x,h,\'(1.02-inf)\',t,t,\'(2.5-inf)\',t,g,\'(105-inf)\',\'(492-inf)\',y
234,b,\'(-inf-38.96]\',\'(4.2075-inf)\',u,g,w,v,\'(1.02-inf)\',t,f,\'(-inf-0.5]\',t,g,\'(105-inf)\',\'(492-inf)\',y
235,a,\'(38.96-inf)\',\'(4.2075-inf)\',u,g,i,bb,\'(1.02-inf)\',t,t,\'(2.5-inf)\',f,g,\'(-inf-105]\',\'(492-inf)\',y
236,a,\'(-inf-38.96]\',\'(-inf-4.2075]\',u,g,q,v,\'(1.02-inf)\',t,t,\'(2.5-inf)\',f,g,\'(105-inf)\',\'(492-inf)\',y
237,b,\'(-inf-38.96]\',\'(-inf-4.2075]\',u,g,i,bb,\'(-inf-1.02]\',t,f,\'(-inf-0.5]\',t,g,\'(-inf-105]\',\'(-inf-492]\',y
238,b,\'(-inf-38.96]\',\'(4.2075-inf)\',u,g,aa,v,\'(1.02-inf)\',t,t,\'(0.5-2.5]\',f,g,\'(-inf-105]\',\'(492-inf)\',y
239,b,\'(38.96-inf)\',\'(4.2075-inf)\',u,g,q,v,\'(1.02-inf)\',t,f,\'(-inf-0.5]\',f,s,\'(-inf-105]\',\'(-inf-492]\',y
240,b,\'(-inf-38.96]\',\'(4.2075-inf)\',u,g,x,v,\'(1.02-inf)\',t,t,\'(2.5-inf)\',f,g,\'(105-inf)\',\'(-inf-492]\',y
241,b,\'(-inf-38.96]\',\'(4.2075-inf)\',y,p,c,v,\'(1.02-inf)\',t,f,\'(-inf-0.5]\',f,s,\'(-inf-105]\',\'(-inf-492]\',y
242,b,\'(38.96-inf)\',\'(4.2075-inf)\',u,g,w,v,\'(1.02-inf)\',t,t,\'(2.5-inf)\',f,g,\'(105-inf)\',\'(-inf-492]\',y
243,b,\'(-inf-38.96]\',\'(4.2075-inf)\',u,g,w,v,\'(1.02-inf)\',t,f,\'(-inf-0.5]\',t,g,\'(-inf-105]\',\'(-inf-492]\',y
244,a,\'(-inf-38.96]\',\'(4.2075-inf)\',u,g,q,v,\'(1.02-inf)\',t,t,\'(2.5-inf)\',f,g,missing,\'(492-inf)\',y
245,b,\'(-inf-38.96]\',\'(-inf-4.2075]\',u,g,i,v,\'(1.02-inf)\',t,t,\'(0.5-2.5]\',f,g,\'(105-inf)\',\'(-inf-492]\',y
246,b,\'(-inf-38.96]\',\'(-inf-4.2075]\',y,p,c,h,\'(1.02-inf)\',t,t,\'(0.5-2.5]\',t,g,\'(105-inf)\',\'(492-inf)\',y
247,b,\'(38.96-inf)\',\'(4.2075-inf)\',u,g,cc,h,\'(1.02-inf)\',t,t,\'(0.5-2.5]\',t,g,\'(-inf-105]\',\'(492-inf)\',y
248,a,\'(-inf-38.96]\',\'(-inf-4.2075]\',u,g,q,h,\'(-inf-1.02]\',t,t,\'(2.5-inf)\',f,g,\'(-inf-105]\',\'(-inf-492]\',y
249,missing,\'(-inf-38.96]\',\'(4.2075-inf)\',u,g,c,bb,\'(1.02-inf)\',t,t,\'(0.5-2.5]\',f,g,\'(-inf-105]\',\'(-inf-492]\',y
250,b,\'(-inf-38.96]\',\'(4.2075-inf)\',u,g,x,v,\'(-inf-1.02]\',t,t,\'(2.5-inf)\',f,g,\'(105-inf)\',\'(-inf-492]\',y
251,b,\'(38.96-inf)\',\'(4.2075-inf)\',u,g,e,z,\'(1.02-inf)\',t,t,\'(2.5-inf)\',f,g,\'(-inf-105]\',\'(492-inf)\',y
252,b,\'(38.96-inf)\',\'(4.2075-inf)\',u,g,q,h,\'(1.02-inf)\',t,t,\'(2.5-inf)\',t,g,\'(105-inf)\',\'(-inf-492]\',y
253,a,\'(-inf-38.96]\',\'(4.2075-inf)\',u,g,x,h,\'(-inf-1.02]\',t,t,\'(2.5-inf)\',f,g,\'(-inf-105]\',\'(492-inf)\',y
254,b,\'(-inf-38.96]\',\'(4.2075-inf)\',u,g,x,h,\'(-inf-1.02]\',t,t,\'(0.5-2.5]\',f,g,\'(-inf-105]\',\'(-inf-492]\',y
255,b,missing,\'(-inf-4.2075]\',u,g,k,v,\'(-inf-1.02]\',f,f,\'(-inf-0.5]\',f,g,\'(105-inf)\',\'(492-inf)\',n
256,b,\'(-inf-38.96]\',\'(4.2075-inf)\',u,g,c,h,\'(1.02-inf)\',f,f,\'(-inf-0.5]\',f,g,\'(105-inf)\',\'(-inf-492]\',n
257,b,\'(-inf-38.96]\',\'(4.2075-inf)\',u,g,c,v,\'(1.02-inf)\',f,f,\'(-inf-0.5]\',t,g,\'(105-inf)\',\'(-inf-492]\',n
258,b,\'(-inf-38.96]\',\'(-inf-4.2075]\',u,g,d,v,\'(-inf-1.02]\',f,f,\'(-inf-0.5]\',f,g,\'(105-inf)\',\'(-inf-492]\',n
259,a,\'(-inf-38.96]\',\'(4.2075-inf)\',u,g,i,v,\'(-inf-1.02]\',f,f,\'(-inf-0.5]\',f,g,\'(105-inf)\',\'(492-inf)\',n
260,a,\'(-inf-38.96]\',\'(-inf-4.2075]\',y,p,c,v,\'(-inf-1.02]\',f,f,\'(-inf-0.5]\',f,g,\'(105-inf)\',\'(-inf-492]\',n
261,b,\'(-inf-38.96]\',\'(-inf-4.2075]\',u,g,d,h,\'(1.02-inf)\',f,f,\'(-inf-0.5]\',t,g,\'(105-inf)\',\'(-inf-492]\',n
262,a,\'(38.96-inf)\',\'(-inf-4.2075]\',y,p,ff,ff,\'(-inf-1.02]\',f,f,\'(-inf-0.5]\',f,g,\'(-inf-105]\',\'(-inf-492]\',n
263,a,\'(38.96-inf)\',\'(-inf-4.2075]\',u,g,i,o,\'(-inf-1.02]\',f,f,\'(-inf-0.5]\',f,g,\'(-inf-105]\',\'(-inf-492]\',n
264,a,\'(-inf-38.96]\',\'(4.2075-inf)\',y,p,x,h,\'(-inf-1.02]\',f,f,\'(-inf-0.5]\',t,g,\'(105-inf)\',\'(-inf-492]\',n
265,b,\'(38.96-inf)\',\'(-inf-4.2075]\',u,g,ff,ff,\'(-inf-1.02]\',f,f,\'(-inf-0.5]\',f,g,\'(105-inf)\',\'(-inf-492]\',n
266,b,\'(-inf-38.96]\',\'(-inf-4.2075]\',y,p,c,v,\'(-inf-1.02]\',f,f,\'(-inf-0.5]\',f,g,\'(105-inf)\',\'(492-inf)\',n
267,b,\'(-inf-38.96]\',\'(-inf-4.2075]\',y,p,e,dd,\'(-inf-1.02]\',f,f,\'(-inf-0.5]\',f,g,\'(-inf-105]\',\'(-inf-492]\',n
268,a,\'(-inf-38.96]\',\'(4.2075-inf)\',u,g,d,v,\'(1.02-inf)\',f,f,\'(-inf-0.5]\',f,g,\'(105-inf)\',\'(-inf-492]\',n
269,b,\'(38.96-inf)\',\'(-inf-4.2075]\',u,g,q,v,\'(-inf-1.02]\',t,f,\'(-inf-0.5]\',t,g,\'(105-inf)\',\'(-inf-492]\',y
270,b,\'(-inf-38.96]\',\'(-inf-4.2075]\',u,g,q,n,\'(-inf-1.02]\',f,f,\'(-inf-0.5]\',f,g,\'(105-inf)\',\'(-inf-492]\',y
271,b,\'(-inf-38.96]\',\'(-inf-4.2075]\',missing,missing,missing,missing,\'(-inf-1.02]\',f,f,\'(-inf-0.5]\',f,p,missing,\'(-inf-492]\',y
272,b,\'(-inf-38.96]\',\'(-inf-4.2075]\',u,g,c,v,\'(1.02-inf)\',f,f,\'(-inf-0.5]\',t,g,\'(105-inf)\',\'(-inf-492]\',n
273,b,\'(-inf-38.96]\',\'(4.2075-inf)\',y,p,m,v,\'(-inf-1.02]\',f,f,\'(-inf-0.5]\',f,g,\'(105-inf)\',\'(-inf-492]\',n
274,b,\'(-inf-38.96]\',\'(4.2075-inf)\',y,p,k,v,\'(-inf-1.02]\',f,f,\'(-inf-0.5]\',f,g,\'(105-inf)\',\'(-inf-492]\',n
275,b,\'(-inf-38.96]\',\'(-inf-4.2075]\',u,g,cc,h,\'(1.02-inf)\',f,f,\'(-inf-0.5]\',t,s,\'(105-inf)\',\'(-inf-492]\',n
276,b,\'(-inf-38.96]\',\'(4.2075-inf)\',u,g,d,v,\'(-inf-1.02]\',f,f,\'(-inf-0.5]\',f,g,\'(105-inf)\',\'(-inf-492]\',n
277,a,\'(-inf-38.96]\',\'(4.2075-inf)\',u,g,i,h,\'(-inf-1.02]\',f,f,\'(-inf-0.5]\',f,g,\'(-inf-105]\',\'(-inf-492]\',n
278,a,\'(-inf-38.96]\',\'(4.2075-inf)\',y,p,q,h,\'(-inf-1.02]\',f,f,\'(-inf-0.5]\',f,g,\'(105-inf)\',\'(-inf-492]\',n
279,b,\'(-inf-38.96]\',\'(4.2075-inf)\',y,p,ff,ff,\'(-inf-1.02]\',f,f,\'(-inf-0.5]\',f,g,missing,\'(-inf-492]\',n
280,b,\'(-inf-38.96]\',\'(-inf-4.2075]\',u,g,m,v,\'(-inf-1.02]\',t,f,\'(-inf-0.5]\',f,s,\'(105-inf)\',\'(-inf-492]\',n
281,b,\'(-inf-38.96]\',\'(-inf-4.2075]\',y,p,c,h,\'(-inf-1.02]\',f,f,\'(-inf-0.5]\',f,g,\'(105-inf)\',\'(-inf-492]\',n
282,b,\'(-inf-38.96]\',\'(-inf-4.2075]\',y,p,cc,h,\'(-inf-1.02]\',f,f,\'(-inf-0.5]\',f,g,\'(105-inf)\',\'(-inf-492]\',n
283,b,\'(-inf-38.96]\',\'(4.2075-inf)\',u,g,c,v,\'(-inf-1.02]\',f,f,\'(-inf-0.5]\',f,s,\'(-inf-105]\',\'(-inf-492]\',n
284,a,\'(-inf-38.96]\',\'(-inf-4.2075]\',u,g,q,v,\'(-inf-1.02]\',f,t,\'(0.5-2.5]\',f,g,\'(105-inf)\',\'(-inf-492]\',n
285,b,\'(-inf-38.96]\',\'(4.2075-inf)\',u,g,c,v,\'(-inf-1.02]\',f,t,\'(0.5-2.5]\',f,g,\'(-inf-105]\',\'(492-inf)\',n
286,b,\'(-inf-38.96]\',\'(4.2075-inf)\',u,g,w,h,\'(-inf-1.02]\',f,t,\'(0.5-2.5]\',f,g,\'(105-inf)\',\'(-inf-492]\',n
287,a,missing,\'(-inf-4.2075]\',u,g,ff,ff,\'(-inf-1.02]\',f,t,\'(0.5-2.5]\',t,g,\'(105-inf)\',\'(-inf-492]\',n
288,b,\'(-inf-38.96]\',\'(-inf-4.2075]\',u,g,w,v,\'(-inf-1.02]\',f,t,\'(0.5-2.5]\',f,g,\'(105-inf)\',\'(492-inf)\',n
289,b,\'(-inf-38.96]\',\'(-inf-4.2075]\',y,p,c,v,\'(-inf-1.02]\',f,t,\'(0.5-2.5]\',f,g,\'(105-inf)\',\'(-inf-492]\',n
290,a,\'(-inf-38.96]\',\'(-inf-4.2075]\',y,p,j,j,\'(-inf-1.02]\',f,f,\'(-inf-0.5]\',f,g,\'(105-inf)\',\'(-inf-492]\',n
291,b,\'(-inf-38.96]\',\'(-inf-4.2075]\',u,g,m,v,\'(-inf-1.02]\',f,f,\'(-inf-0.5]\',t,s,\'(105-inf)\',\'(-inf-492]\',n
292,a,\'(-inf-38.96]\',\'(4.2075-inf)\',u,g,w,v,\'(-inf-1.02]\',f,t,\'(0.5-2.5]\',f,g,\'(105-inf)\',\'(-inf-492]\',n
293,b,\'(-inf-38.96]\',\'(-inf-4.2075]\',u,g,w,v,\'(-inf-1.02]\',f,t,\'(0.5-2.5]\',f,g,\'(105-inf)\',\'(-inf-492]\',n
294,b,\'(-inf-38.96]\',\'(-inf-4.2075]\',u,g,w,v,\'(-inf-1.02]\',f,t,\'(0.5-2.5]\',f,g,\'(105-inf)\',\'(-inf-492]\',n
295,a,\'(-inf-38.96]\',\'(-inf-4.2075]\',u,g,ff,ff,\'(-inf-1.02]\',f,t,\'(0.5-2.5]\',f,g,\'(105-inf)\',\'(-inf-492]\',n
296,a,\'(-inf-38.96]\',\'(-inf-4.2075]\',u,g,ff,ff,\'(1.02-inf)\',f,t,\'(0.5-2.5]\',t,g,\'(105-inf)\',\'(-inf-492]\',n
297,b,\'(38.96-inf)\',\'(4.2075-inf)\',u,g,ff,ff,\'(1.02-inf)\',f,t,\'(0.5-2.5]\',f,g,\'(-inf-105]\',\'(-inf-492]\',n
298,b,\'(-inf-38.96]\',\'(-inf-4.2075]\',u,g,aa,v,\'(1.02-inf)\',f,t,\'(0.5-2.5]\',t,g,\'(105-inf)\',\'(-inf-492]\',n
299,b,\'(-inf-38.96]\',\'(-inf-4.2075]\',u,g,aa,v,\'(-inf-1.02]\',f,t,\'(0.5-2.5]\',f,g,\'(-inf-105]\',\'(-inf-492]\',n
300,b,\'(-inf-38.96]\',\'(4.2075-inf)\',u,g,c,v,\'(1.02-inf)\',f,t,\'(0.5-2.5]\',t,g,\'(105-inf)\',\'(-inf-492]\',n
301,a,\'(38.96-inf)\',\'(-inf-4.2075]\',u,g,ff,ff,\'(1.02-inf)\',f,t,\'(0.5-2.5]\',f,g,\'(-inf-105]\',\'(-inf-492]\',n
302,b,\'(-inf-38.96]\',\'(-inf-4.2075]\',u,g,d,v,\'(-inf-1.02]\',f,f,\'(-inf-0.5]\',t,s,\'(105-inf)\',\'(-inf-492]\',n
303,b,\'(-inf-38.96]\',\'(-inf-4.2075]\',u,g,c,v,\'(-inf-1.02]\',f,f,\'(-inf-0.5]\',t,s,\'(105-inf)\',\'(-inf-492]\',n
304,a,\'(-inf-38.96]\',\'(-inf-4.2075]\',u,g,q,v,\'(-inf-1.02]\',f,f,\'(-inf-0.5]\',f,g,\'(105-inf)\',\'(-inf-492]\',n
305,a,\'(-inf-38.96]\',\'(4.2075-inf)\',u,g,q,h,\'(1.02-inf)\',f,f,\'(-inf-0.5]\',f,g,\'(105-inf)\',\'(-inf-492]\',n
306,b,\'(38.96-inf)\',\'(4.2075-inf)\',y,p,ff,ff,\'(-inf-1.02]\',t,f,\'(-inf-0.5]\',t,g,\'(-inf-105]\',\'(-inf-492]\',n
307,b,\'(-inf-38.96]\',\'(-inf-4.2075]\',u,g,ff,ff,\'(1.02-inf)\',f,f,\'(-inf-0.5]\',f,g,\'(105-inf)\',\'(-inf-492]\',n
308,b,\'(-inf-38.96]\',\'(4.2075-inf)\',u,g,ff,ff,\'(-inf-1.02]\',f,f,\'(-inf-0.5]\',f,g,\'(-inf-105]\',\'(-inf-492]\',n
309,b,\'(-inf-38.96]\',\'(-inf-4.2075]\',u,g,k,h,\'(-inf-1.02]\',f,f,\'(-inf-0.5]\',t,s,\'(105-inf)\',\'(-inf-492]\',n
310,a,\'(-inf-38.96]\',\'(-inf-4.2075]\',y,p,j,j,\'(-inf-1.02]\',f,f,\'(-inf-0.5]\',f,g,\'(105-inf)\',\'(-inf-492]\',n
311,a,\'(-inf-38.96]\',\'(4.2075-inf)\',u,g,w,v,\'(-inf-1.02]\',f,f,\'(-inf-0.5]\',t,g,\'(105-inf)\',\'(-inf-492]\',n
312,b,\'(-inf-38.96]\',\'(-inf-4.2075]\',y,p,c,v,\'(1.02-inf)\',f,f,\'(-inf-0.5]\',t,g,\'(105-inf)\',\'(-inf-492]\',n
313,a,\'(-inf-38.96]\',\'(-inf-4.2075]\',u,g,aa,v,\'(-inf-1.02]\',f,f,\'(-inf-0.5]\',f,g,\'(105-inf)\',\'(-inf-492]\',n
314,a,\'(-inf-38.96]\',\'(4.2075-inf)\',u,g,d,v,\'(-inf-1.02]\',f,f,\'(-inf-0.5]\',f,g,\'(-inf-105]\',\'(-inf-492]\',n
315,b,\'(-inf-38.96]\',\'(-inf-4.2075]\',y,p,aa,v,\'(-inf-1.02]\',f,f,\'(-inf-0.5]\',f,g,\'(-inf-105]\',\'(-inf-492]\',n
316,b,\'(-inf-38.96]\',\'(-inf-4.2075]\',u,g,m,v,\'(-inf-1.02]\',t,f,\'(-inf-0.5]\',t,s,\'(105-inf)\',\'(-inf-492]\',n
317,b,\'(-inf-38.96]\',\'(-inf-4.2075]\',y,p,c,h,\'(-inf-1.02]\',f,f,\'(-inf-0.5]\',f,g,\'(105-inf)\',\'(-inf-492]\',n
318,b,\'(-inf-38.96]\',\'(4.2075-inf)\',l,gg,ff,o,\'(-inf-1.02]\',f,f,\'(-inf-0.5]\',t,p,\'(105-inf)\',\'(492-inf)\',y
319,b,\'(-inf-38.96]\',\'(-inf-4.2075]\',y,p,m,bb,\'(-inf-1.02]\',f,f,\'(-inf-0.5]\',t,s,\'(105-inf)\',\'(-inf-492]\',y
320,b,\'(-inf-38.96]\',\'(-inf-4.2075]\',y,p,c,v,\'(1.02-inf)\',f,f,\'(-inf-0.5]\',t,g,\'(105-inf)\',\'(-inf-492]\',y
321,b,\'(-inf-38.96]\',\'(-inf-4.2075]\',u,g,w,v,\'(1.02-inf)\',f,f,\'(-inf-0.5]\',f,g,\'(105-inf)\',\'(-inf-492]\',y
322,a,\'(-inf-38.96]\',\'(-inf-4.2075]\',l,gg,cc,ff,\'(1.02-inf)\',f,f,\'(-inf-0.5]\',t,s,\'(105-inf)\',\'(-inf-492]\',y
323,a,\'(-inf-38.96]\',\'(-inf-4.2075]\',u,g,cc,v,\'(-inf-1.02]\',f,f,\'(-inf-0.5]\',f,g,\'(105-inf)\',\'(-inf-492]\',y
324,b,\'(38.96-inf)\',\'(-inf-4.2075]\',y,p,k,v,\'(-inf-1.02]\',t,t,\'(2.5-inf)\',f,g,\'(105-inf)\',\'(492-inf)\',y
325,b,\'(-inf-38.96]\',\'(-inf-4.2075]\',u,g,w,v,\'(1.02-inf)\',f,f,\'(-inf-0.5]\',f,g,\'(105-inf)\',\'(-inf-492]\',n
326,a,\'(-inf-38.96]\',\'(-inf-4.2075]\',y,p,x,v,\'(-inf-1.02]\',f,f,\'(-inf-0.5]\',f,g,\'(105-inf)\',\'(-inf-492]\',n
327,b,\'(-inf-38.96]\',\'(-inf-4.2075]\',y,p,c,v,\'(-inf-1.02]\',f,f,\'(-inf-0.5]\',f,g,\'(105-inf)\',\'(-inf-492]\',n
328,missing,\'(38.96-inf)\',\'(-inf-4.2075]\',u,g,i,bb,\'(-inf-1.02]\',f,f,\'(-inf-0.5]\',f,s,\'(105-inf)\',\'(-inf-492]\',n
329,b,\'(-inf-38.96]\',\'(-inf-4.2075]\',y,p,w,v,\'(1.02-inf)\',f,f,\'(-inf-0.5]\',f,s,\'(105-inf)\',\'(-inf-492]\',n
330,b,missing,\'(-inf-4.2075]\',y,p,i,v,\'(-inf-1.02]\',f,f,\'(-inf-0.5]\',t,g,\'(105-inf)\',\'(-inf-492]\',n
331,b,\'(-inf-38.96]\',\'(-inf-4.2075]\',missing,missing,missing,missing,\'(-inf-1.02]\',f,f,\'(-inf-0.5]\',f,p,missing,\'(-inf-492]\',n
332,a,\'(-inf-38.96]\',\'(-inf-4.2075]\',y,p,c,v,\'(1.02-inf)\',f,f,\'(-inf-0.5]\',t,g,\'(-inf-105]\',\'(-inf-492]\',n
333,b,\'(-inf-38.96]\',\'(-inf-4.2075]\',u,g,c,v,\'(-inf-1.02]\',f,f,\'(-inf-0.5]\',f,g,\'(105-inf)\',\'(-inf-492]\',n
334,a,\'(-inf-38.96]\',\'(4.2075-inf)\',u,g,d,v,\'(-inf-1.02]\',f,f,\'(-inf-0.5]\',t,g,\'(105-inf)\',\'(492-inf)\',n
335,b,\'(-inf-38.96]\',\'(-inf-4.2075]\',u,g,cc,bb,\'(-inf-1.02]\',f,f,\'(-inf-0.5]\',f,g,\'(105-inf)\',\'(-inf-492]\',n
336,b,\'(-inf-38.96]\',\'(-inf-4.2075]\',u,g,q,h,\'(-inf-1.02]\',f,f,\'(-inf-0.5]\',t,g,\'(105-inf)\',\'(-inf-492]\',n
337,b,\'(38.96-inf)\',\'(4.2075-inf)\',u,g,c,v,\'(-inf-1.02]\',f,f,\'(-inf-0.5]\',t,g,\'(-inf-105]\',\'(-inf-492]\',n
338,a,\'(-inf-38.96]\',\'(-inf-4.2075]\',y,p,i,h,\'(-inf-1.02]\',f,f,\'(-inf-0.5]\',t,g,\'(105-inf)\',\'(-inf-492]\',n
339,a,\'(-inf-38.96]\',\'(-inf-4.2075]\',y,p,aa,v,\'(1.02-inf)\',f,f,\'(-inf-0.5]\',f,g,\'(105-inf)\',\'(-inf-492]\',n
340,b,\'(-inf-38.96]\',\'(-inf-4.2075]\',u,g,w,v,\'(-inf-1.02]\',f,f,\'(-inf-0.5]\',t,g,\'(105-inf)\',\'(-inf-492]\',n
341,a,\'(38.96-inf)\',\'(-inf-4.2075]\',u,g,c,v,\'(1.02-inf)\',f,f,\'(-inf-0.5]\',f,g,\'(105-inf)\',\'(-inf-492]\',n
342,b,\'(38.96-inf)\',\'(-inf-4.2075]\',u,g,aa,v,\'(-inf-1.02]\',f,f,\'(-inf-0.5]\',f,g,\'(105-inf)\',\'(-inf-492]\',n
343,b,\'(-inf-38.96]\',\'(-inf-4.2075]\',u,g,i,bb,\'(-inf-1.02]\',f,f,\'(-inf-0.5]\',t,g,\'(105-inf)\',\'(492-inf)\',n
344,b,\'(-inf-38.96]\',\'(-inf-4.2075]\',u,g,i,bb,\'(-inf-1.02]\',f,f,\'(-inf-0.5]\',f,g,\'(105-inf)\',\'(-inf-492]\',n
345,b,\'(-inf-38.96]\',\'(-inf-4.2075]\',u,g,k,v,\'(-inf-1.02]\',f,f,\'(-inf-0.5]\',t,g,\'(105-inf)\',\'(-inf-492]\',n
346,b,\'(38.96-inf)\',\'(4.2075-inf)\',u,g,e,z,\'(-inf-1.02]\',f,f,\'(-inf-0.5]\',f,g,\'(-inf-105]\',\'(-inf-492]\',n
347,missing,\'(-inf-38.96]\',\'(-inf-4.2075]\',u,g,c,v,\'(-inf-1.02]\',f,f,\'(-inf-0.5]\',t,g,\'(105-inf)\',\'(-inf-492]\',n
348,b,\'(-inf-38.96]\',\'(4.2075-inf)\',y,p,c,bb,\'(1.02-inf)\',f,f,\'(-inf-0.5]\',f,g,\'(105-inf)\',\'(492-inf)\',n
349,b,\'(38.96-inf)\',\'(-inf-4.2075]\',u,g,c,v,\'(-inf-1.02]\',t,t,\'(2.5-inf)\',t,g,\'(105-inf)\',\'(-inf-492]\',n
350,b,\'(-inf-38.96]\',\'(-inf-4.2075]\',u,g,w,v,\'(1.02-inf)\',f,t,\'(0.5-2.5]\',t,g,\'(-inf-105]\',\'(-inf-492]\',n
351,a,\'(-inf-38.96]\',\'(-inf-4.2075]\',u,g,j,j,\'(-inf-1.02]\',f,f,\'(-inf-0.5]\',t,g,\'(105-inf)\',\'(-inf-492]\',n
352,b,\'(-inf-38.96]\',\'(-inf-4.2075]\',y,p,ff,ff,\'(-inf-1.02]\',f,f,\'(-inf-0.5]\',f,g,\'(-inf-105]\',\'(-inf-492]\',n
353,b,\'(-inf-38.96]\',\'(4.2075-inf)\',y,p,m,v,\'(1.02-inf)\',f,f,\'(-inf-0.5]\',t,g,\'(-inf-105]\',\'(492-inf)\',n
354,b,\'(-inf-38.96]\',\'(-inf-4.2075]\',u,g,d,v,\'(-inf-1.02]\',f,f,\'(-inf-0.5]\',t,s,\'(-inf-105]\',\'(-inf-492]\',n
355,b,\'(-inf-38.96]\',\'(-inf-4.2075]\',u,g,i,v,\'(-inf-1.02]\',f,f,\'(-inf-0.5]\',t,g,\'(105-inf)\',\'(-inf-492]\',n
356,a,\'(-inf-38.96]\',\'(-inf-4.2075]\',u,g,aa,v,\'(-inf-1.02]\',f,t,\'(0.5-2.5]\',t,g,\'(105-inf)\',\'(-inf-492]\',n
357,b,\'(38.96-inf)\',\'(-inf-4.2075]\',u,g,d,v,\'(-inf-1.02]\',f,f,\'(-inf-0.5]\',f,g,\'(105-inf)\',\'(-inf-492]\',n
358,a,\'(-inf-38.96]\',\'(-inf-4.2075]\',u,g,q,v,\'(-inf-1.02]\',f,f,\'(-inf-0.5]\',t,g,\'(105-inf)\',\'(-inf-492]\',n
359,b,\'(-inf-38.96]\',\'(-inf-4.2075]\',u,g,d,v,\'(-inf-1.02]\',f,f,\'(-inf-0.5]\',t,g,\'(105-inf)\',\'(-inf-492]\',n
360,a,\'(-inf-38.96]\',\'(4.2075-inf)\',u,g,ff,ff,\'(-inf-1.02]\',f,f,\'(-inf-0.5]\',f,g,\'(105-inf)\',\'(-inf-492]\',n
361,a,\'(-inf-38.96]\',\'(4.2075-inf)\',u,g,k,v,\'(1.02-inf)\',f,f,\'(-inf-0.5]\',t,s,\'(-inf-105]\',\'(-inf-492]\',n
362,b,\'(-inf-38.96]\',\'(-inf-4.2075]\',u,g,ff,ff,\'(-inf-1.02]\',f,f,\'(-inf-0.5]\',t,g,\'(-inf-105]\',\'(492-inf)\',n
363,b,\'(-inf-38.96]\',\'(-inf-4.2075]\',u,g,k,ff,\'(-inf-1.02]\',f,f,\'(-inf-0.5]\',f,g,\'(-inf-105]\',\'(-inf-492]\',n
364,b,\'(-inf-38.96]\',\'(-inf-4.2075]\',y,p,k,v,\'(-inf-1.02]\',f,f,\'(-inf-0.5]\',f,s,\'(105-inf)\',\'(-inf-492]\',n
365,b,\'(-inf-38.96]\',\'(-inf-4.2075]\',u,g,e,dd,\'(-inf-1.02]\',f,t,\'(0.5-2.5]\',f,g,\'(105-inf)\',\'(492-inf)\',n
366,b,\'(38.96-inf)\',\'(-inf-4.2075]\',u,g,m,v,\'(1.02-inf)\',f,t,\'(0.5-2.5]\',t,g,\'(105-inf)\',\'(-inf-492]\',n
367,a,\'(-inf-38.96]\',\'(4.2075-inf)\',u,g,aa,v,\'(-inf-1.02]\',f,f,\'(-inf-0.5]\',f,g,\'(105-inf)\',\'(492-inf)\',n
368,b,\'(38.96-inf)\',\'(-inf-4.2075]\',y,p,m,v,\'(-inf-1.02]\',f,f,\'(-inf-0.5]\',f,s,\'(105-inf)\',\'(-inf-492]\',n
369,a,\'(-inf-38.96]\',\'(4.2075-inf)\',y,p,k,h,\'(1.02-inf)\',f,f,\'(-inf-0.5]\',t,g,\'(-inf-105]\',\'(-inf-492]\',n
370,b,\'(-inf-38.96]\',\'(-inf-4.2075]\',y,p,r,n,\'(-inf-1.02]\',f,f,\'(-inf-0.5]\',t,g,\'(105-inf)\',\'(-inf-492]\',n
371,b,\'(-inf-38.96]\',\'(-inf-4.2075]\',y,p,w,v,\'(1.02-inf)\',f,f,\'(-inf-0.5]\',t,g,\'(105-inf)\',\'(-inf-492]\',n
372,b,\'(-inf-38.96]\',\'(4.2075-inf)\',u,g,e,dd,\'(-inf-1.02]\',f,f,\'(-inf-0.5]\',t,g,\'(105-inf)\',\'(492-inf)\',n
373,a,\'(38.96-inf)\',\'(4.2075-inf)\',u,g,k,h,\'(-inf-1.02]\',f,f,\'(-inf-0.5]\',t,s,\'(105-inf)\',\'(-inf-492]\',n
374,b,\'(-inf-38.96]\',\'(-inf-4.2075]\',u,g,w,v,\'(-inf-1.02]\',f,f,\'(-inf-0.5]\',f,g,\'(-inf-105]\',\'(-inf-492]\',n
375,missing,\'(-inf-38.96]\',\'(-inf-4.2075]\',u,g,aa,v,\'(-inf-1.02]\',f,f,\'(-inf-0.5]\',f,g,\'(105-inf)\',\'(492-inf)\',n
376,a,\'(-inf-38.96]\',\'(-inf-4.2075]\',y,p,e,dd,\'(-inf-1.02]\',f,f,\'(-inf-0.5]\',f,g,\'(105-inf)\',\'(-inf-492]\',n
377,b,\'(-inf-38.96]\',\'(4.2075-inf)\',u,g,d,v,\'(-inf-1.02]\',f,f,\'(-inf-0.5]\',f,g,\'(-inf-105]\',\'(-inf-492]\',n
378,b,\'(-inf-38.96]\',\'(-inf-4.2075]\',y,p,c,v,\'(1.02-inf)\',f,f,\'(-inf-0.5]\',t,s,\'(105-inf)\',\'(-inf-492]\',n
379,b,\'(-inf-38.96]\',\'(-inf-4.2075]\',u,g,i,bb,\'(-inf-1.02]\',f,f,\'(-inf-0.5]\',t,g,\'(105-inf)\',\'(492-inf)\',n
380,b,\'(-inf-38.96]\',\'(-inf-4.2075]\',u,g,i,bb,\'(1.02-inf)\',f,f,\'(-inf-0.5]\',t,s,\'(105-inf)\',\'(-inf-492]\',n
381,b,\'(38.96-inf)\',\'(4.2075-inf)\',u,g,i,bb,\'(1.02-inf)\',f,f,\'(-inf-0.5]\',t,g,\'(105-inf)\',\'(-inf-492]\',n
382,a,\'(-inf-38.96]\',\'(4.2075-inf)\',u,g,c,v,\'(-inf-1.02]\',f,f,\'(-inf-0.5]\',f,g,\'(105-inf)\',\'(-inf-492]\',n
383,a,\'(-inf-38.96]\',\'(-inf-4.2075]\',y,p,i,bb,\'(1.02-inf)\',f,f,\'(-inf-0.5]\',f,g,\'(105-inf)\',\'(-inf-492]\',n
384,a,\'(38.96-inf)\',\'(4.2075-inf)\',y,p,ff,ff,\'(1.02-inf)\',f,f,\'(-inf-0.5]\',t,g,\'(-inf-105]\',\'(-inf-492]\',n
385,b,\'(-inf-38.96]\',\'(4.2075-inf)\',u,g,k,v,\'(1.02-inf)\',f,f,\'(-inf-0.5]\',t,g,\'(-inf-105]\',\'(492-inf)\',n
386,b,\'(-inf-38.96]\',\'(4.2075-inf)\',y,p,c,v,\'(1.02-inf)\',f,f,\'(-inf-0.5]\',t,g,\'(-inf-105]\',\'(-inf-492]\',n
387,b,\'(-inf-38.96]\',\'(-inf-4.2075]\',y,p,aa,v,\'(-inf-1.02]\',f,f,\'(-inf-0.5]\',t,g,\'(105-inf)\',\'(-inf-492]\',n
388,b,\'(-inf-38.96]\',\'(-inf-4.2075]\',u,g,c,v,\'(-inf-1.02]\',f,f,\'(-inf-0.5]\',t,s,\'(-inf-105]\',\'(-inf-492]\',n
389,b,\'(-inf-38.96]\',\'(4.2075-inf)\',u,g,i,bb,\'(-inf-1.02]\',f,f,\'(-inf-0.5]\',t,g,\'(105-inf)\',\'(-inf-492]\',n
390,b,\'(-inf-38.96]\',\'(-inf-4.2075]\',u,g,m,v,\'(-inf-1.02]\',f,f,\'(-inf-0.5]\',f,s,\'(-inf-105]\',\'(-inf-492]\',n
391,b,\'(-inf-38.96]\',\'(4.2075-inf)\',u,g,e,v,\'(-inf-1.02]\',f,f,\'(-inf-0.5]\',f,g,\'(105-inf)\',\'(-inf-492]\',n
392,b,\'(38.96-inf)\',\'(4.2075-inf)\',u,g,i,bb,\'(-inf-1.02]\',f,f,\'(-inf-0.5]\',f,g,\'(105-inf)\',\'(-inf-492]\',n
393,b,\'(-inf-38.96]\',\'(4.2075-inf)\',u,g,aa,bb,\'(-inf-1.02]\',f,f,\'(-inf-0.5]\',t,g,\'(105-inf)\',\'(-inf-492]\',n
394,b,\'(-inf-38.96]\',\'(-inf-4.2075]\',u,g,m,v,\'(-inf-1.02]\',f,f,\'(-inf-0.5]\',t,g,\'(105-inf)\',\'(-inf-492]\',n
395,b,\'(38.96-inf)\',\'(-inf-4.2075]\',y,p,w,v,\'(-inf-1.02]\',f,f,\'(-inf-0.5]\',f,g,\'(-inf-105]\',\'(-inf-492]\',n
396,a,\'(-inf-38.96]\',\'(-inf-4.2075]\',u,g,d,v,\'(-inf-1.02]\',f,f,\'(-inf-0.5]\',t,g,\'(-inf-105]\',\'(-inf-492]\',n
397,b,\'(-inf-38.96]\',\'(-inf-4.2075]\',y,p,x,h,\'(-inf-1.02]\',f,f,\'(-inf-0.5]\',f,g,\'(105-inf)\',\'(-inf-492]\',n
398,a,\'(-inf-38.96]\',\'(-inf-4.2075]\',y,p,ff,ff,\'(-inf-1.02]\',f,f,\'(-inf-0.5]\',f,g,\'(105-inf)\',\'(-inf-492]\',n
399,b,\'(-inf-38.96]\',\'(4.2075-inf)\',y,p,k,h,\'(1.02-inf)\',f,f,\'(-inf-0.5]\',t,g,\'(-inf-105]\',\'(-inf-492]\',n
400,b,\'(-inf-38.96]\',\'(-inf-4.2075]\',u,g,c,v,\'(-inf-1.02]\',f,f,\'(-inf-0.5]\',f,g,\'(105-inf)\',\'(-inf-492]\',n
401,b,\'(-inf-38.96]\',\'(4.2075-inf)\',y,p,j,v,\'(-inf-1.02]\',f,f,\'(-inf-0.5]\',f,g,\'(105-inf)\',\'(-inf-492]\',n
402,b,\'(-inf-38.96]\',\'(-inf-4.2075]\',u,g,c,v,\'(-inf-1.02]\',f,f,\'(-inf-0.5]\',f,g,\'(105-inf)\',\'(-inf-492]\',n
403,a,\'(38.96-inf)\',\'(4.2075-inf)\',u,g,i,bb,\'(1.02-inf)\',f,f,\'(-inf-0.5]\',t,g,\'(-inf-105]\',\'(-inf-492]\',n
404,a,\'(-inf-38.96]\',\'(-inf-4.2075]\',u,g,q,v,\'(-inf-1.02]\',f,f,\'(-inf-0.5]\',f,s,\'(105-inf)\',\'(-inf-492]\',n
405,b,\'(-inf-38.96]\',\'(4.2075-inf)\',y,p,i,bb,\'(1.02-inf)\',f,f,\'(-inf-0.5]\',t,g,\'(105-inf)\',\'(-inf-492]\',n
406,a,\'(38.96-inf)\',\'(4.2075-inf)\',u,g,ff,ff,\'(-inf-1.02]\',f,f,\'(-inf-0.5]\',f,s,\'(-inf-105]\',\'(-inf-492]\',n
407,a,\'(38.96-inf)\',\'(4.2075-inf)\',y,p,k,v,\'(-inf-1.02]\',f,t,\'(0.5-2.5]\',f,g,missing,\'(-inf-492]\',n
408,a,\'(-inf-38.96]\',\'(-inf-4.2075]\',y,p,c,v,\'(-inf-1.02]\',f,t,\'(0.5-2.5]\',f,g,\'(105-inf)\',\'(-inf-492]\',n
409,b,\'(-inf-38.96]\',\'(-inf-4.2075]\',u,g,w,v,\'(-inf-1.02]\',f,t,\'(0.5-2.5]\',f,g,\'(-inf-105]\',\'(-inf-492]\',n
410,b,\'(-inf-38.96]\',\'(-inf-4.2075]\',u,g,q,v,\'(-inf-1.02]\',f,t,\'(2.5-inf)\',f,g,\'(105-inf)\',\'(-inf-492]\',n
411,b,\'(-inf-38.96]\',\'(-inf-4.2075]\',u,g,ff,ff,\'(-inf-1.02]\',f,t,\'(2.5-inf)\',f,g,\'(105-inf)\',\'(-inf-492]\',n
412,b,\'(-inf-38.96]\',\'(-inf-4.2075]\',u,g,c,v,\'(1.02-inf)\',f,t,\'(0.5-2.5]\',f,g,\'(-inf-105]\',\'(-inf-492]\',n
413,a,\'(-inf-38.96]\',\'(-inf-4.2075]\',u,g,i,v,\'(-inf-1.02]\',f,f,\'(-inf-0.5]\',f,g,\'(105-inf)\',\'(-inf-492]\',n
414,b,\'(38.96-inf)\',\'(-inf-4.2075]\',u,g,i,bb,\'(-inf-1.02]\',f,f,\'(-inf-0.5]\',f,s,\'(105-inf)\',\'(-inf-492]\',n
415,b,\'(-inf-38.96]\',\'(-inf-4.2075]\',u,g,k,v,\'(-inf-1.02]\',f,f,\'(-inf-0.5]\',t,g,\'(105-inf)\',\'(-inf-492]\',n
416,a,\'(-inf-38.96]\',\'(-inf-4.2075]\',y,p,ff,ff,\'(1.02-inf)\',f,f,\'(-inf-0.5]\',f,g,\'(105-inf)\',\'(-inf-492]\',n
417,b,\'(-inf-38.96]\',\'(-inf-4.2075]\',y,p,k,v,\'(-inf-1.02]\',f,f,\'(-inf-0.5]\',f,g,\'(105-inf)\',\'(-inf-492]\',n
418,b,\'(-inf-38.96]\',\'(-inf-4.2075]\',u,g,c,v,\'(-inf-1.02]\',f,f,\'(-inf-0.5]\',t,g,\'(105-inf)\',\'(-inf-492]\',n
419,b,\'(-inf-38.96]\',\'(-inf-4.2075]\',u,g,c,v,\'(-inf-1.02]\',f,t,\'(0.5-2.5]\',f,g,\'(105-inf)\',\'(492-inf)\',n
420,a,\'(-inf-38.96]\',\'(-inf-4.2075]\',y,p,ff,ff,\'(-inf-1.02]\',f,f,\'(-inf-0.5]\',t,g,\'(105-inf)\',\'(-inf-492]\',n
421,b,\'(-inf-38.96]\',\'(-inf-4.2075]\',u,g,i,v,\'(-inf-1.02]\',f,f,\'(-inf-0.5]\',t,g,\'(105-inf)\',\'(-inf-492]\',n
422,b,\'(-inf-38.96]\',\'(-inf-4.2075]\',u,g,q,v,\'(1.02-inf)\',f,f,\'(-inf-0.5]\',f,g,\'(105-inf)\',\'(-inf-492]\',n
423,b,\'(-inf-38.96]\',\'(-inf-4.2075]\',u,g,w,v,\'(1.02-inf)\',f,f,\'(-inf-0.5]\',f,g,\'(105-inf)\',\'(-inf-492]\',n
424,b,\'(-inf-38.96]\',\'(-inf-4.2075]\',u,g,cc,v,\'(1.02-inf)\',f,f,\'(-inf-0.5]\',f,g,\'(-inf-105]\',\'(-inf-492]\',n
425,b,\'(-inf-38.96]\',\'(-inf-4.2075]\',u,g,c,v,\'(1.02-inf)\',f,f,\'(-inf-0.5]\',f,p,\'(105-inf)\',\'(-inf-492]\',n
426,b,\'(-inf-38.96]\',\'(-inf-4.2075]\',u,g,c,v,\'(-inf-1.02]\',f,f,\'(-inf-0.5]\',f,g,\'(105-inf)\',\'(-inf-492]\',n
427,a,\'(-inf-38.96]\',\'(-inf-4.2075]\',u,g,w,v,\'(-inf-1.02]\',f,f,\'(-inf-0.5]\',t,g,\'(105-inf)\',\'(-inf-492]\',n
428,b,\'(-inf-38.96]\',\'(-inf-4.2075]\',u,g,e,v,\'(-inf-1.02]\',f,f,\'(-inf-0.5]\',f,g,\'(105-inf)\',\'(-inf-492]\',n
429,b,\'(38.96-inf)\',\'(-inf-4.2075]\',u,g,ff,ff,\'(-inf-1.02]\',f,f,\'(-inf-0.5]\',f,g,\'(105-inf)\',\'(-inf-492]\',n
430,b,\'(-inf-38.96]\',\'(-inf-4.2075]\',y,p,cc,v,\'(-inf-1.02]\',f,f,\'(-inf-0.5]\',f,g,\'(105-inf)\',\'(-inf-492]\',n
431,b,\'(38.96-inf)\',\'(-inf-4.2075]\',y,p,ff,ff,\'(1.02-inf)\',f,f,\'(-inf-0.5]\',f,g,\'(105-inf)\',\'(-inf-492]\',n
432,b,\'(-inf-38.96]\',\'(-inf-4.2075]\',y,p,c,v,\'(-inf-1.02]\',f,f,\'(-inf-0.5]\',f,g,\'(105-inf)\',\'(492-inf)\',n
433,b,\'(-inf-38.96]\',\'(-inf-4.2075]\',u,g,k,v,\'(-inf-1.02]\',f,f,\'(-inf-0.5]\',t,g,\'(105-inf)\',\'(-inf-492]\',n
434,b,\'(-inf-38.96]\',\'(-inf-4.2075]\',u,g,aa,v,\'(-inf-1.02]\',f,f,\'(-inf-0.5]\',f,g,\'(105-inf)\',\'(-inf-492]\',n
435,b,\'(38.96-inf)\',\'(-inf-4.2075]\',u,g,c,v,\'(1.02-inf)\',f,f,\'(-inf-0.5]\',t,g,\'(105-inf)\',\'(-inf-492]\',n
436,b,\'(-inf-38.96]\',\'(-inf-4.2075]\',y,p,ff,ff,\'(-inf-1.02]\',f,t,\'(2.5-inf)\',f,g,\'(-inf-105]\',\'(-inf-492]\',n
437,b,\'(-inf-38.96]\',\'(-inf-4.2075]\',u,g,ff,ff,\'(-inf-1.02]\',f,t,\'(2.5-inf)\',f,g,\'(105-inf)\',\'(492-inf)\',n
438,a,\'(38.96-inf)\',\'(-inf-4.2075]\',u,g,ff,ff,\'(-inf-1.02]\',f,f,\'(-inf-0.5]\',t,s,\'(-inf-105]\',\'(-inf-492]\',n
439,a,\'(-inf-38.96]\',\'(-inf-4.2075]\',u,g,ff,ff,\'(-inf-1.02]\',f,t,\'(0.5-2.5]\',f,g,\'(-inf-105]\',\'(-inf-492]\',n
440,b,\'(-inf-38.96]\',\'(-inf-4.2075]\',u,g,k,v,\'(-inf-1.02]\',f,t,\'(0.5-2.5]\',t,g,\'(105-inf)\',\'(-inf-492]\',n
441,b,\'(-inf-38.96]\',\'(-inf-4.2075]\',u,g,k,v,\'(-inf-1.02]\',f,t,\'(2.5-inf)\',f,s,\'(-inf-105]\',\'(-inf-492]\',n
442,b,\'(38.96-inf)\',\'(4.2075-inf)\',u,g,ff,ff,\'(-inf-1.02]\',f,t,\'(0.5-2.5]\',f,g,\'(-inf-105]\',\'(-inf-492]\',n
443,b,\'(-inf-38.96]\',\'(-inf-4.2075]\',y,p,m,v,\'(-inf-1.02]\',f,f,\'(-inf-0.5]\',t,s,\'(-inf-105]\',\'(-inf-492]\',n
444,b,\'(-inf-38.96]\',\'(-inf-4.2075]\',u,g,k,v,\'(-inf-1.02]\',f,f,\'(-inf-0.5]\',t,g,\'(105-inf)\',\'(-inf-492]\',n
445,a,\'(-inf-38.96]\',\'(-inf-4.2075]\',y,p,j,ff,\'(-inf-1.02]\',f,f,\'(-inf-0.5]\',f,g,\'(-inf-105]\',\'(-inf-492]\',n
446,a,missing,\'(4.2075-inf)\',u,g,ff,ff,\'(-inf-1.02]\',f,f,\'(-inf-0.5]\',f,g,missing,\'(492-inf)\',n
447,b,\'(-inf-38.96]\',\'(-inf-4.2075]\',u,g,c,v,\'(-inf-1.02]\',f,f,\'(-inf-0.5]\',f,g,\'(105-inf)\',\'(-inf-492]\',n
448,a,\'(-inf-38.96]\',\'(-inf-4.2075]\',u,g,ff,ff,\'(-inf-1.02]\',f,f,\'(-inf-0.5]\',f,g,\'(105-inf)\',\'(-inf-492]\',n
449,b,\'(-inf-38.96]\',\'(-inf-4.2075]\',u,g,ff,ff,\'(-inf-1.02]\',f,t,\'(0.5-2.5]\',f,g,\'(-inf-105]\',\'(-inf-492]\',n
450,b,\'(-inf-38.96]\',\'(4.2075-inf)\',u,g,c,v,\'(-inf-1.02]\',f,f,\'(-inf-0.5]\',f,g,\'(-inf-105]\',\'(-inf-492]\',n
451,b,missing,\'(-inf-4.2075]\',y,p,i,bb,\'(1.02-inf)\',f,f,\'(-inf-0.5]\',f,g,\'(-inf-105]\',\'(-inf-492]\',n
452,b,\'(38.96-inf)\',\'(-inf-4.2075]\',u,g,c,v,\'(1.02-inf)\',f,f,\'(-inf-0.5]\',f,g,\'(-inf-105]\',\'(-inf-492]\',n
453,b,\'(-inf-38.96]\',\'(4.2075-inf)\',u,g,q,v,\'(1.02-inf)\',f,f,\'(-inf-0.5]\',f,g,\'(105-inf)\',\'(-inf-492]\',n
454,missing,\'(-inf-38.96]\',\'(-inf-4.2075]\',u,g,w,v,\'(-inf-1.02]\',f,f,\'(-inf-0.5]\',t,g,\'(105-inf)\',\'(-inf-492]\',n
455,b,\'(38.96-inf)\',\'(-inf-4.2075]\',u,g,d,v,\'(1.02-inf)\',f,f,\'(-inf-0.5]\',t,g,\'(-inf-105]\',\'(-inf-492]\',n
456,b,\'(-inf-38.96]\',\'(4.2075-inf)\',u,g,w,v,\'(-inf-1.02]\',f,f,\'(-inf-0.5]\',f,g,\'(105-inf)\',\'(492-inf)\',n
457,b,\'(-inf-38.96]\',\'(-inf-4.2075]\',missing,missing,missing,missing,\'(-inf-1.02]\',f,f,\'(-inf-0.5]\',f,p,missing,\'(-inf-492]\',n
458,b,\'(-inf-38.96]\',\'(-inf-4.2075]\',y,p,c,v,\'(-inf-1.02]\',f,f,\'(-inf-0.5]\',f,g,\'(105-inf)\',\'(-inf-492]\',n
459,b,\'(-inf-38.96]\',\'(4.2075-inf)\',u,g,i,bb,\'(1.02-inf)\',f,f,\'(-inf-0.5]\',f,g,\'(105-inf)\',\'(492-inf)\',n
460,b,\'(-inf-38.96]\',\'(-inf-4.2075]\',y,p,c,v,\'(1.02-inf)\',f,f,\'(-inf-0.5]\',t,g,\'(105-inf)\',\'(-inf-492]\',n
461,a,\'(-inf-38.96]\',\'(-inf-4.2075]\',y,p,c,v,\'(-inf-1.02]\',f,f,\'(-inf-0.5]\',f,g,\'(105-inf)\',\'(-inf-492]\',n
462,b,\'(-inf-38.96]\',\'(-inf-4.2075]\',u,g,m,v,\'(-inf-1.02]\',f,t,\'(2.5-inf)\',f,g,\'(105-inf)\',\'(492-inf)\',n
463,b,\'(-inf-38.96]\',\'(-inf-4.2075]\',u,g,c,v,\'(-inf-1.02]\',f,f,\'(-inf-0.5]\',f,g,\'(105-inf)\',\'(-inf-492]\',n
464,a,\'(-inf-38.96]\',\'(-inf-4.2075]\',u,g,ff,ff,\'(-inf-1.02]\',f,t,\'(2.5-inf)\',f,g,\'(105-inf)\',\'(-inf-492]\',n
465,a,\'(-inf-38.96]\',\'(-inf-4.2075]\',u,g,j,j,\'(-inf-1.02]\',f,t,\'(0.5-2.5]\',f,g,\'(105-inf)\',\'(-inf-492]\',n
466,a,\'(-inf-38.96]\',\'(-inf-4.2075]\',u,g,m,v,\'(1.02-inf)\',f,t,\'(0.5-2.5]\',t,g,\'(105-inf)\',\'(-inf-492]\',n
467,b,\'(-inf-38.96]\',\'(-inf-4.2075]\',u,g,c,v,\'(1.02-inf)\',f,t,\'(0.5-2.5]\',t,g,\'(105-inf)\',\'(-inf-492]\',n
468,a,\'(-inf-38.96]\',\'(-inf-4.2075]\',u,g,w,h,\'(-inf-1.02]\',f,t,\'(2.5-inf)\',f,g,\'(-inf-105]\',\'(-inf-492]\',n
469,b,\'(-inf-38.96]\',\'(-inf-4.2075]\',u,g,k,v,\'(-inf-1.02]\',f,f,\'(-inf-0.5]\',f,g,\'(105-inf)\',\'(-inf-492]\',n
470,b,\'(-inf-38.96]\',\'(-inf-4.2075]\',u,g,i,h,\'(-inf-1.02]\',f,f,\'(-inf-0.5]\',t,g,\'(105-inf)\',\'(-inf-492]\',n
471,a,\'(-inf-38.96]\',\'(4.2075-inf)\',u,g,k,h,\'(-inf-1.02]\',f,f,\'(-inf-0.5]\',f,g,\'(105-inf)\',\'(-inf-492]\',n
472,b,\'(-inf-38.96]\',\'(-inf-4.2075]\',y,p,i,h,\'(-inf-1.02]\',f,f,\'(-inf-0.5]\',f,g,\'(105-inf)\',\'(-inf-492]\',n
473,b,\'(-inf-38.96]\',\'(4.2075-inf)\',u,g,i,v,\'(-inf-1.02]\',f,f,\'(-inf-0.5]\',f,g,\'(-inf-105]\',\'(-inf-492]\',n
474,b,\'(-inf-38.96]\',\'(-inf-4.2075]\',y,p,i,v,\'(-inf-1.02]\',f,f,\'(-inf-0.5]\',t,g,\'(105-inf)\',\'(492-inf)\',n
475,b,\'(-inf-38.96]\',\'(-inf-4.2075]\',u,g,c,v,\'(-inf-1.02]\',f,f,\'(-inf-0.5]\',f,g,\'(-inf-105]\',\'(-inf-492]\',n
476,b,\'(-inf-38.96]\',\'(-inf-4.2075]\',u,g,d,v,\'(-inf-1.02]\',f,f,\'(-inf-0.5]\',t,g,\'(-inf-105]\',\'(-inf-492]\',n
477,b,\'(-inf-38.96]\',\'(-inf-4.2075]\',u,g,i,h,\'(-inf-1.02]\',f,f,\'(-inf-0.5]\',t,g,\'(105-inf)\',\'(-inf-492]\',n
478,b,\'(38.96-inf)\',\'(-inf-4.2075]\',y,p,i,h,\'(1.02-inf)\',f,f,\'(-inf-0.5]\',t,s,\'(105-inf)\',\'(-inf-492]\',n
479,b,\'(-inf-38.96]\',\'(4.2075-inf)\',u,g,i,v,\'(-inf-1.02]\',f,f,\'(-inf-0.5]\',f,g,\'(-inf-105]\',\'(-inf-492]\',n
480,missing,\'(-inf-38.96]\',\'(-inf-4.2075]\',y,p,missing,missing,\'(-inf-1.02]\',f,f,\'(-inf-0.5]\',f,s,\'(-inf-105]\',\'(-inf-492]\',n
481,a,\'(-inf-38.96]\',\'(-inf-4.2075]\',u,g,i,v,\'(-inf-1.02]\',f,t,\'(2.5-inf)\',t,g,\'(105-inf)\',\'(-inf-492]\',n
482,b,\'(-inf-38.96]\',\'(-inf-4.2075]\',y,p,k,v,\'(-inf-1.02]\',f,t,\'(0.5-2.5]\',t,g,\'(105-inf)\',\'(-inf-492]\',n
483,a,\'(-inf-38.96]\',\'(4.2075-inf)\',u,g,aa,v,\'(1.02-inf)\',f,t,\'(2.5-inf)\',t,g,\'(-inf-105]\',\'(-inf-492]\',n
484,b,\'(-inf-38.96]\',\'(-inf-4.2075]\',y,p,c,v,\'(-inf-1.02]\',f,t,\'(0.5-2.5]\',f,g,\'(105-inf)\',\'(-inf-492]\',n
485,b,\'(-inf-38.96]\',\'(-inf-4.2075]\',u,g,m,v,\'(1.02-inf)\',f,f,\'(-inf-0.5]\',f,s,\'(-inf-105]\',\'(-inf-492]\',n
486,b,\'(38.96-inf)\',\'(4.2075-inf)\',y,p,ff,ff,\'(-inf-1.02]\',f,t,\'(0.5-2.5]\',f,g,\'(-inf-105]\',\'(-inf-492]\',n
487,b,\'(-inf-38.96]\',\'(-inf-4.2075]\',y,p,k,v,\'(-inf-1.02]\',f,f,\'(-inf-0.5]\',f,g,\'(105-inf)\',\'(492-inf)\',n
488,b,\'(-inf-38.96]\',\'(4.2075-inf)\',y,p,aa,v,\'(-inf-1.02]\',f,f,\'(-inf-0.5]\',t,g,\'(105-inf)\',\'(-inf-492]\',n
489,b,\'(-inf-38.96]\',\'(-inf-4.2075]\',y,p,ff,ff,\'(-inf-1.02]\',f,f,\'(-inf-0.5]\',t,g,\'(105-inf)\',\'(-inf-492]\',n
490,missing,\'(38.96-inf)\',\'(-inf-4.2075]\',u,g,q,v,\'(-inf-1.02]\',f,f,\'(-inf-0.5]\',t,g,\'(105-inf)\',\'(-inf-492]\',n
491,a,\'(38.96-inf)\',\'(-inf-4.2075]\',u,g,q,h,\'(1.02-inf)\',t,t,\'(0.5-2.5]\',f,g,\'(105-inf)\',\'(492-inf)\',y
492,b,\'(-inf-38.96]\',\'(-inf-4.2075]\',u,g,q,v,\'(1.02-inf)\',t,t,\'(0.5-2.5]\',t,g,\'(105-inf)\',\'(492-inf)\',y
493,b,\'(38.96-inf)\',\'(4.2075-inf)\',u,g,m,v,\'(1.02-inf)\',t,t,\'(2.5-inf)\',f,g,\'(105-inf)\',\'(492-inf)\',y
494,a,\'(-inf-38.96]\',\'(4.2075-inf)\',u,g,c,h,\'(1.02-inf)\',t,f,\'(-inf-0.5]\',f,g,\'(105-inf)\',\'(-inf-492]\',y
495,a,\'(-inf-38.96]\',\'(4.2075-inf)\',y,p,c,h,\'(1.02-inf)\',t,f,\'(-inf-0.5]\',f,g,\'(105-inf)\',\'(-inf-492]\',y
496,b,\'(-inf-38.96]\',\'(4.2075-inf)\',u,g,w,v,\'(1.02-inf)\',t,f,\'(-inf-0.5]\',f,g,\'(105-inf)\',\'(492-inf)\',y
497,a,\'(-inf-38.96]\',\'(-inf-4.2075]\',u,g,x,h,\'(1.02-inf)\',t,f,\'(-inf-0.5]\',t,g,\'(105-inf)\',\'(492-inf)\',y
498,b,\'(-inf-38.96]\',\'(4.2075-inf)\',u,g,c,v,\'(1.02-inf)\',t,t,\'(2.5-inf)\',t,g,\'(-inf-105]\',\'(-inf-492]\',y
499,b,\'(-inf-38.96]\',\'(-inf-4.2075]\',u,g,c,v,\'(1.02-inf)\',t,t,\'(2.5-inf)\',t,g,\'(105-inf)\',\'(-inf-492]\',y
500,b,\'(-inf-38.96]\',\'(4.2075-inf)\',u,g,c,v,\'(1.02-inf)\',t,t,\'(2.5-inf)\',f,g,\'(105-inf)\',\'(492-inf)\',y
501,b,missing,\'(-inf-4.2075]\',u,g,x,v,\'(1.02-inf)\',t,t,\'(2.5-inf)\',t,g,\'(105-inf)\',\'(492-inf)\',y
502,b,\'(38.96-inf)\',\'(4.2075-inf)\',u,g,cc,v,\'(1.02-inf)\',t,t,\'(2.5-inf)\',t,g,\'(-inf-105]\',\'(-inf-492]\',y
503,a,\'(38.96-inf)\',\'(-inf-4.2075]\',u,g,ff,ff,\'(-inf-1.02]\',t,t,\'(0.5-2.5]\',f,g,\'(105-inf)\',\'(-inf-492]\',y
504,b,\'(-inf-38.96]\',\'(4.2075-inf)\',u,g,x,v,\'(1.02-inf)\',t,t,\'(0.5-2.5]\',f,g,\'(105-inf)\',\'(-inf-492]\',y
505,a,\'(-inf-38.96]\',\'(-inf-4.2075]\',u,g,c,v,\'(1.02-inf)\',t,t,\'(0.5-2.5]\',t,g,\'(105-inf)\',\'(-inf-492]\',y
506,b,\'(-inf-38.96]\',\'(4.2075-inf)\',u,g,c,v,\'(1.02-inf)\',t,t,\'(2.5-inf)\',f,g,\'(-inf-105]\',\'(492-inf)\',y
507,a,\'(-inf-38.96]\',\'(4.2075-inf)\',u,g,aa,v,\'(-inf-1.02]\',t,t,\'(0.5-2.5]\',f,g,\'(-inf-105]\',\'(492-inf)\',y
508,a,\'(-inf-38.96]\',\'(-inf-4.2075]\',u,g,q,h,\'(1.02-inf)\',t,t,\'(2.5-inf)\',f,g,\'(-inf-105]\',\'(492-inf)\',y
509,a,\'(-inf-38.96]\',\'(4.2075-inf)\',u,g,c,v,\'(1.02-inf)\',t,t,\'(0.5-2.5]\',f,g,\'(105-inf)\',\'(-inf-492]\',y
510,b,\'(-inf-38.96]\',\'(4.2075-inf)\',y,p,w,v,\'(1.02-inf)\',t,t,\'(0.5-2.5]\',t,g,\'(-inf-105]\',\'(-inf-492]\',y
511,b,\'(-inf-38.96]\',\'(-inf-4.2075]\',y,p,w,v,\'(1.02-inf)\',t,t,\'(0.5-2.5]\',t,g,\'(105-inf)\',\'(492-inf)\',y
512,a,\'(38.96-inf)\',\'(-inf-4.2075]\',u,g,j,j,\'(-inf-1.02]\',t,f,\'(-inf-0.5]\',f,g,\'(-inf-105]\',\'(492-inf)\',y
513,a,\'(38.96-inf)\',\'(-inf-4.2075]\',u,g,c,v,\'(1.02-inf)\',t,f,\'(-inf-0.5]\',f,g,\'(-inf-105]\',\'(-inf-492]\',y
514,b,\'(-inf-38.96]\',\'(4.2075-inf)\',u,g,e,dd,\'(-inf-1.02]\',t,f,\'(-inf-0.5]\',f,g,\'(-inf-105]\',\'(-inf-492]\',y
515,b,\'(-inf-38.96]\',\'(-inf-4.2075]\',y,p,c,h,\'(1.02-inf)\',t,f,\'(-inf-0.5]\',f,g,\'(-inf-105]\',\'(-inf-492]\',y
516,b,missing,\'(4.2075-inf)\',u,g,x,v,\'(1.02-inf)\',t,f,\'(-inf-0.5]\',f,g,\'(-inf-105]\',\'(-inf-492]\',y
517,a,\'(38.96-inf)\',\'(4.2075-inf)\',u,g,aa,v,\'(1.02-inf)\',t,t,\'(2.5-inf)\',f,g,\'(-inf-105]\',\'(-inf-492]\',y
518,b,\'(-inf-38.96]\',\'(-inf-4.2075]\',u,g,c,v,\'(1.02-inf)\',t,t,\'(2.5-inf)\',t,g,\'(105-inf)\',\'(492-inf)\',y
519,a,\'(-inf-38.96]\',\'(-inf-4.2075]\',u,g,q,v,\'(-inf-1.02]\',t,t,\'(2.5-inf)\',f,g,\'(-inf-105]\',\'(-inf-492]\',y
520,b,\'(38.96-inf)\',\'(-inf-4.2075]\',u,g,x,v,\'(-inf-1.02]\',t,t,\'(2.5-inf)\',t,g,\'(105-inf)\',\'(-inf-492]\',y
521,missing,\'(-inf-38.96]\',\'(4.2075-inf)\',u,g,k,v,\'(1.02-inf)\',t,t,\'(0.5-2.5]\',f,g,\'(105-inf)\',\'(-inf-492]\',y
522,a,\'(-inf-38.96]\',\'(4.2075-inf)\',u,g,e,dd,\'(1.02-inf)\',t,t,\'(2.5-inf)\',t,g,\'(-inf-105]\',\'(492-inf)\',y
523,b,\'(-inf-38.96]\',\'(-inf-4.2075]\',u,g,m,v,\'(1.02-inf)\',t,t,\'(0.5-2.5]\',f,g,\'(105-inf)\',\'(492-inf)\',y
524,a,\'(-inf-38.96]\',\'(4.2075-inf)\',u,g,q,v,\'(1.02-inf)\',t,t,\'(2.5-inf)\',f,g,\'(-inf-105]\',\'(492-inf)\',n
525,a,\'(-inf-38.96]\',\'(-inf-4.2075]\',u,g,q,v,\'(1.02-inf)\',t,f,\'(-inf-0.5]\',t,g,\'(105-inf)\',\'(-inf-492]\',n
526,b,\'(38.96-inf)\',\'(-inf-4.2075]\',u,g,c,v,\'(1.02-inf)\',t,f,\'(-inf-0.5]\',t,g,\'(105-inf)\',\'(-inf-492]\',n
527,b,\'(38.96-inf)\',\'(-inf-4.2075]\',u,g,k,v,\'(-inf-1.02]\',t,f,\'(-inf-0.5]\',f,g,\'(105-inf)\',\'(-inf-492]\',n
528,a,\'(38.96-inf)\',\'(-inf-4.2075]\',u,g,i,bb,\'(-inf-1.02]\',t,f,\'(-inf-0.5]\',t,g,\'(105-inf)\',\'(492-inf)\',n
529,a,\'(38.96-inf)\',\'(4.2075-inf)\',u,g,k,h,\'(1.02-inf)\',t,t,\'(2.5-inf)\',t,g,\'(-inf-105]\',\'(-inf-492]\',n
530,b,\'(38.96-inf)\',\'(4.2075-inf)\',u,g,q,h,\'(-inf-1.02]\',t,t,\'(0.5-2.5]\',f,g,\'(105-inf)\',\'(-inf-492]\',n
531,a,\'(-inf-38.96]\',\'(-inf-4.2075]\',u,g,c,h,\'(1.02-inf)\',t,f,\'(-inf-0.5]\',t,g,\'(105-inf)\',\'(-inf-492]\',n
532,a,\'(-inf-38.96]\',\'(-inf-4.2075]\',u,g,aa,h,\'(1.02-inf)\',t,f,\'(-inf-0.5]\',f,g,\'(105-inf)\',\'(-inf-492]\',n
533,b,\'(38.96-inf)\',\'(-inf-4.2075]\',u,g,i,bb,\'(-inf-1.02]\',t,f,\'(-inf-0.5]\',f,g,\'(105-inf)\',\'(-inf-492]\',n
534,b,\'(38.96-inf)\',\'(-inf-4.2075]\',u,g,ff,ff,\'(-inf-1.02]\',t,f,\'(-inf-0.5]\',f,g,\'(105-inf)\',\'(-inf-492]\',n
535,b,\'(-inf-38.96]\',\'(-inf-4.2075]\',u,g,aa,v,\'(1.02-inf)\',t,f,\'(-inf-0.5]\',t,g,\'(105-inf)\',\'(-inf-492]\',n
536,a,\'(-inf-38.96]\',\'(-inf-4.2075]\',y,p,ff,ff,\'(-inf-1.02]\',t,f,\'(-inf-0.5]\',f,g,\'(105-inf)\',\'(-inf-492]\',n
537,a,\'(-inf-38.96]\',\'(-inf-4.2075]\',u,g,ff,ff,\'(-inf-1.02]\',t,f,\'(-inf-0.5]\',f,g,\'(-inf-105]\',\'(-inf-492]\',n
538,b,\'(-inf-38.96]\',\'(-inf-4.2075]\',u,g,x,h,\'(1.02-inf)\',t,f,\'(-inf-0.5]\',t,g,\'(105-inf)\',\'(-inf-492]\',n
539,b,\'(-inf-38.96]\',\'(-inf-4.2075]\',u,g,w,bb,\'(-inf-1.02]\',t,f,\'(-inf-0.5]\',t,g,\'(105-inf)\',\'(-inf-492]\',n
540,b,\'(38.96-inf)\',\'(4.2075-inf)\',u,g,missing,missing,\'(-inf-1.02]\',t,f,\'(-inf-0.5]\',f,g,\'(-inf-105]\',\'(-inf-492]\',n
541,b,\'(-inf-38.96]\',\'(-inf-4.2075]\',y,p,cc,v,\'(1.02-inf)\',t,f,\'(-inf-0.5]\',t,g,\'(-inf-105]\',\'(-inf-492]\',n
542,b,\'(38.96-inf)\',\'(-inf-4.2075]\',u,g,i,bb,\'(-inf-1.02]\',t,f,\'(-inf-0.5]\',f,g,\'(-inf-105]\',\'(-inf-492]\',n
543,b,\'(-inf-38.96]\',\'(4.2075-inf)\',y,p,k,h,\'(-inf-1.02]\',t,f,\'(-inf-0.5]\',t,g,\'(105-inf)\',\'(-inf-492]\',n
544,b,\'(-inf-38.96]\',\'(-inf-4.2075]\',u,g,w,v,\'(1.02-inf)\',t,f,\'(-inf-0.5]\',t,g,\'(105-inf)\',\'(-inf-492]\',n
545,b,\'(-inf-38.96]\',\'(-inf-4.2075]\',y,p,i,bb,\'(-inf-1.02]\',t,t,\'(2.5-inf)\',t,g,\'(105-inf)\',\'(-inf-492]\',n
546,b,\'(38.96-inf)\',\'(4.2075-inf)\',y,p,d,v,\'(1.02-inf)\',t,f,\'(-inf-0.5]\',f,s,\'(-inf-105]\',\'(-inf-492]\',n
547,b,\'(-inf-38.96]\',\'(-inf-4.2075]\',y,p,w,v,\'(1.02-inf)\',t,t,\'(2.5-inf)\',t,g,\'(105-inf)\',\'(-inf-492]\',n
548,b,\'(-inf-38.96]\',\'(-inf-4.2075]\',u,g,d,h,\'(1.02-inf)\',t,t,\'(2.5-inf)\',f,g,\'(105-inf)\',\'(-inf-492]\',y
549,b,\'(-inf-38.96]\',\'(-inf-4.2075]\',u,g,x,v,\'(-inf-1.02]\',t,t,\'(2.5-inf)\',t,g,\'(105-inf)\',\'(492-inf)\',y
550,b,\'(38.96-inf)\',\'(4.2075-inf)\',u,g,m,v,\'(1.02-inf)\',t,f,\'(-inf-0.5]\',f,s,\'(105-inf)\',\'(-inf-492]\',y
551,b,\'(38.96-inf)\',\'(4.2075-inf)\',u,g,e,z,\'(1.02-inf)\',t,t,\'(0.5-2.5]\',t,g,\'(-inf-105]\',\'(-inf-492]\',y
552,b,\'(38.96-inf)\',\'(4.2075-inf)\',u,g,i,bb,\'(-inf-1.02]\',t,t,\'(2.5-inf)\',f,g,\'(-inf-105]\',\'(492-inf)\',y
553,b,\'(-inf-38.96]\',\'(4.2075-inf)\',u,g,r,n,\'(1.02-inf)\',t,t,\'(2.5-inf)\',t,g,\'(-inf-105]\',\'(-inf-492]\',y
554,b,\'(-inf-38.96]\',\'(-inf-4.2075]\',u,g,w,v,\'(1.02-inf)\',t,t,\'(2.5-inf)\',f,g,\'(105-inf)\',\'(492-inf)\',y
555,a,\'(-inf-38.96]\',\'(4.2075-inf)\',y,p,x,h,\'(-inf-1.02]\',t,t,\'(2.5-inf)\',f,g,\'(-inf-105]\',\'(-inf-492]\',y
556,b,\'(38.96-inf)\',\'(-inf-4.2075]\',u,g,c,h,\'(-inf-1.02]\',t,t,\'(2.5-inf)\',f,g,\'(105-inf)\',\'(492-inf)\',y
557,b,\'(-inf-38.96]\',\'(4.2075-inf)\',u,g,w,v,\'(1.02-inf)\',t,t,\'(0.5-2.5]\',t,g,\'(105-inf)\',\'(-inf-492]\',y
558,a,\'(-inf-38.96]\',\'(-inf-4.2075]\',u,g,w,v,\'(1.02-inf)\',t,t,\'(2.5-inf)\',f,g,\'(105-inf)\',\'(492-inf)\',y
559,b,\'(38.96-inf)\',\'(-inf-4.2075]\',u,g,x,h,\'(-inf-1.02]\',t,f,\'(-inf-0.5]\',f,g,\'(-inf-105]\',\'(492-inf)\',y
560,a,\'(-inf-38.96]\',\'(-inf-4.2075]\',u,g,q,h,\'(1.02-inf)\',t,t,\'(2.5-inf)\',t,g,\'(105-inf)\',\'(492-inf)\',y
561,a,\'(-inf-38.96]\',\'(4.2075-inf)\',u,g,cc,h,\'(1.02-inf)\',t,t,\'(2.5-inf)\',f,g,\'(105-inf)\',\'(-inf-492]\',y
562,b,\'(-inf-38.96]\',\'(-inf-4.2075]\',u,g,x,h,\'(1.02-inf)\',t,f,\'(-inf-0.5]\',f,g,\'(-inf-105]\',\'(492-inf)\',y
563,b,\'(-inf-38.96]\',\'(-inf-4.2075]\',u,g,c,h,\'(1.02-inf)\',t,f,\'(-inf-0.5]\',f,g,\'(105-inf)\',\'(-inf-492]\',y
564,b,\'(-inf-38.96]\',\'(4.2075-inf)\',u,g,q,h,\'(1.02-inf)\',t,f,\'(-inf-0.5]\',t,g,\'(105-inf)\',\'(-inf-492]\',y
565,b,\'(38.96-inf)\',\'(4.2075-inf)\',u,g,q,h,\'(1.02-inf)\',t,f,\'(-inf-0.5]\',t,g,\'(-inf-105]\',\'(-inf-492]\',y
566,a,\'(-inf-38.96]\',\'(-inf-4.2075]\',u,g,aa,v,\'(-inf-1.02]\',t,f,\'(-inf-0.5]\',f,g,\'(-inf-105]\',\'(-inf-492]\',y
567,b,\'(-inf-38.96]\',\'(4.2075-inf)\',u,g,w,h,\'(1.02-inf)\',t,t,\'(2.5-inf)\',t,g,\'(105-inf)\',\'(-inf-492]\',y
568,a,\'(-inf-38.96]\',\'(-inf-4.2075]\',u,g,x,h,\'(-inf-1.02]\',t,f,\'(-inf-0.5]\',f,g,\'(105-inf)\',\'(-inf-492]\',y
569,b,\'(38.96-inf)\',\'(-inf-4.2075]\',y,p,c,v,\'(-inf-1.02]\',t,t,\'(2.5-inf)\',t,g,\'(105-inf)\',\'(-inf-492]\',y
570,a,\'(-inf-38.96]\',\'(-inf-4.2075]\',u,g,aa,v,\'(-inf-1.02]\',t,t,\'(2.5-inf)\',f,g,\'(-inf-105]\',\'(492-inf)\',y
571,b,\'(38.96-inf)\',\'(-inf-4.2075]\',u,g,w,v,\'(1.02-inf)\',t,t,\'(2.5-inf)\',t,g,\'(-inf-105]\',\'(-inf-492]\',y
572,b,\'(-inf-38.96]\',\'(-inf-4.2075]\',y,p,d,v,\'(1.02-inf)\',t,t,\'(2.5-inf)\',t,g,\'(105-inf)\',\'(-inf-492]\',y
573,b,\'(-inf-38.96]\',\'(-inf-4.2075]\',y,p,x,v,\'(-inf-1.02]\',t,t,\'(0.5-2.5]\',t,g,\'(105-inf)\',\'(-inf-492]\',y
574,a,\'(38.96-inf)\',\'(4.2075-inf)\',u,g,ff,ff,\'(-inf-1.02]\',t,t,\'(2.5-inf)\',t,g,\'(-inf-105]\',\'(492-inf)\',y
575,a,\'(-inf-38.96]\',\'(4.2075-inf)\',u,g,c,h,\'(-inf-1.02]\',t,t,\'(2.5-inf)\',f,g,\'(-inf-105]\',\'(492-inf)\',y
576,b,\'(-inf-38.96]\',\'(-inf-4.2075]\',y,p,c,h,\'(1.02-inf)\',t,t,\'(0.5-2.5]\',t,g,\'(105-inf)\',\'(492-inf)\',y
577,b,\'(-inf-38.96]\',\'(-inf-4.2075]\',u,g,c,v,\'(1.02-inf)\',t,t,\'(2.5-inf)\',f,g,\'(-inf-105]\',\'(492-inf)\',y
578,b,\'(-inf-38.96]\',\'(4.2075-inf)\',u,g,c,v,\'(-inf-1.02]\',t,t,\'(2.5-inf)\',f,g,\'(-inf-105]\',\'(-inf-492]\',y
579,b,\'(38.96-inf)\',\'(-inf-4.2075]\',u,g,c,v,\'(1.02-inf)\',t,t,\'(2.5-inf)\',f,g,\'(105-inf)\',\'(492-inf)\',y
580,b,\'(38.96-inf)\',\'(4.2075-inf)\',u,g,m,v,\'(1.02-inf)\',t,t,\'(2.5-inf)\',t,g,\'(105-inf)\',\'(492-inf)\',y
581,b,\'(-inf-38.96]\',\'(-inf-4.2075]\',u,g,x,v,\'(1.02-inf)\',t,t,\'(2.5-inf)\',t,g,\'(105-inf)\',\'(492-inf)\',y
582,b,\'(38.96-inf)\',\'(-inf-4.2075]\',u,g,e,v,\'(-inf-1.02]\',f,t,\'(0.5-2.5]\',f,s,\'(105-inf)\',\'(-inf-492]\',y
583,b,\'(38.96-inf)\',\'(4.2075-inf)\',u,g,m,v,\'(-inf-1.02]\',t,f,\'(-inf-0.5]\',t,g,\'(105-inf)\',\'(-inf-492]\',y
584,b,\'(-inf-38.96]\',\'(4.2075-inf)\',y,p,w,h,\'(1.02-inf)\',t,f,\'(-inf-0.5]\',t,g,\'(105-inf)\',\'(-inf-492]\',y
585,a,\'(-inf-38.96]\',\'(4.2075-inf)\',y,p,e,z,\'(-inf-1.02]\',t,f,\'(-inf-0.5]\',f,g,\'(-inf-105]\',\'(492-inf)\',y
586,b,\'(38.96-inf)\',\'(4.2075-inf)\',u,g,ff,ff,\'(-inf-1.02]\',t,f,\'(-inf-0.5]\',t,g,\'(-inf-105]\',\'(-inf-492]\',y
587,b,\'(38.96-inf)\',\'(4.2075-inf)\',u,g,x,h,\'(1.02-inf)\',t,t,\'(2.5-inf)\',t,g,\'(-inf-105]\',\'(492-inf)\',y
588,b,\'(38.96-inf)\',\'(4.2075-inf)\',u,g,c,v,\'(1.02-inf)\',t,t,\'(2.5-inf)\',f,g,\'(-inf-105]\',\'(-inf-492]\',y
589,b,\'(-inf-38.96]\',\'(-inf-4.2075]\',y,p,c,v,\'(-inf-1.02]\',t,t,\'(2.5-inf)\',t,g,\'(105-inf)\',\'(492-inf)\',y
590,b,\'(-inf-38.96]\',\'(-inf-4.2075]\',u,g,c,v,\'(-inf-1.02]\',t,t,\'(2.5-inf)\',t,g,\'(-inf-105]\',\'(492-inf)\',y
591,b,\'(-inf-38.96]\',\'(4.2075-inf)\',u,g,cc,v,\'(1.02-inf)\',t,t,\'(2.5-inf)\',f,g,\'(105-inf)\',\'(492-inf)\',y
592,b,\'(-inf-38.96]\',\'(-inf-4.2075]\',u,g,c,h,\'(1.02-inf)\',t,t,\'(2.5-inf)\',t,g,\'(105-inf)\',\'(-inf-492]\',y
593,b,\'(-inf-38.96]\',\'(-inf-4.2075]\',missing,missing,missing,missing,\'(-inf-1.02]\',f,f,\'(-inf-0.5]\',f,p,missing,\'(-inf-492]\',y
594,b,\'(-inf-38.96]\',\'(4.2075-inf)\',u,g,w,v,\'(-inf-1.02]\',f,f,\'(-inf-0.5]\',t,g,\'(105-inf)\',\'(-inf-492]\',y
595,b,\'(-inf-38.96]\',\'(-inf-4.2075]\',u,g,k,v,\'(-inf-1.02]\',t,f,\'(-inf-0.5]\',t,g,\'(105-inf)\',\'(-inf-492]\',y
596,b,\'(-inf-38.96]\',\'(-inf-4.2075]\',u,g,c,bb,\'(-inf-1.02]\',t,f,\'(-inf-0.5]\',f,g,\'(105-inf)\',\'(-inf-492]\',y
597,a,\'(38.96-inf)\',\'(-inf-4.2075]\',u,g,c,v,\'(1.02-inf)\',t,t,\'(2.5-inf)\',t,g,\'(105-inf)\',\'(492-inf)\',y
598,a,\'(-inf-38.96]\',\'(4.2075-inf)\',u,g,aa,v,\'(1.02-inf)\',t,t,\'(2.5-inf)\',f,g,\'(-inf-105]\',\'(492-inf)\',y
599,missing,\'(-inf-38.96]\',\'(-inf-4.2075]\',u,g,q,v,\'(-inf-1.02]\',f,t,\'(0.5-2.5]\',f,g,\'(105-inf)\',\'(492-inf)\',y
600,b,\'(-inf-38.96]\',\'(-inf-4.2075]\',u,g,c,v,\'(1.02-inf)\',t,t,\'(2.5-inf)\',t,g,\'(105-inf)\',\'(492-inf)\',y
601,a,\'(-inf-38.96]\',\'(-inf-4.2075]\',u,g,k,v,\'(-inf-1.02]\',t,t,\'(2.5-inf)\',f,g,\'(105-inf)\',\'(492-inf)\',y
602,missing,\'(38.96-inf)\',\'(-inf-4.2075]\',y,p,missing,missing,\'(-inf-1.02]\',f,f,\'(-inf-0.5]\',t,g,\'(105-inf)\',\'(-inf-492]\',n
603,b,\'(-inf-38.96]\',\'(-inf-4.2075]\',y,p,k,v,\'(-inf-1.02]\',f,f,\'(-inf-0.5]\',f,g,\'(105-inf)\',\'(-inf-492]\',n
604,b,\'(-inf-38.96]\',\'(-inf-4.2075]\',u,g,q,v,\'(-inf-1.02]\',f,f,\'(-inf-0.5]\',f,g,\'(105-inf)\',\'(-inf-492]\',n
605,b,\'(-inf-38.96]\',\'(-inf-4.2075]\',u,g,c,h,\'(-inf-1.02]\',t,f,\'(-inf-0.5]\',f,g,\'(105-inf)\',\'(-inf-492]\',n
606,a,\'(-inf-38.96]\',\'(-inf-4.2075]\',y,p,k,v,\'(1.02-inf)\',f,f,\'(-inf-0.5]\',t,g,\'(105-inf)\',\'(-inf-492]\',n
607,b,\'(-inf-38.96]\',\'(-inf-4.2075]\',u,g,c,v,\'(-inf-1.02]\',f,f,\'(-inf-0.5]\',f,g,\'(-inf-105]\',\'(-inf-492]\',y
608,b,\'(-inf-38.96]\',\'(-inf-4.2075]\',u,g,k,v,\'(-inf-1.02]\',f,f,\'(-inf-0.5]\',t,g,\'(105-inf)\',\'(-inf-492]\',n
609,b,missing,\'(-inf-4.2075]\',y,p,d,v,\'(1.02-inf)\',f,f,\'(-inf-0.5]\',t,g,\'(105-inf)\',\'(-inf-492]\',n
610,b,\'(38.96-inf)\',\'(-inf-4.2075]\',u,g,x,bb,\'(-inf-1.02]\',f,f,\'(-inf-0.5]\',t,g,\'(105-inf)\',\'(-inf-492]\',n
611,b,\'(-inf-38.96]\',\'(-inf-4.2075]\',y,p,k,v,\'(-inf-1.02]\',f,f,\'(-inf-0.5]\',f,g,\'(105-inf)\',\'(-inf-492]\',n
612,b,\'(-inf-38.96]\',\'(-inf-4.2075]\',y,p,q,h,\'(1.02-inf)\',f,t,\'(0.5-2.5]\',t,g,\'(105-inf)\',\'(-inf-492]\',n
613,b,\'(-inf-38.96]\',\'(-inf-4.2075]\',u,g,w,v,\'(-inf-1.02]\',f,t,\'(0.5-2.5]\',f,g,\'(105-inf)\',\'(-inf-492]\',n
614,b,\'(-inf-38.96]\',\'(4.2075-inf)\',u,g,c,bb,\'(-inf-1.02]\',f,t,\'(0.5-2.5]\',t,g,\'(105-inf)\',\'(-inf-492]\',n
615,a,\'(-inf-38.96]\',\'(4.2075-inf)\',u,g,c,v,\'(-inf-1.02]\',f,f,\'(-inf-0.5]\',f,g,\'(105-inf)\',\'(-inf-492]\',n
616,b,\'(-inf-38.96]\',\'(-inf-4.2075]\',u,g,c,h,\'(-inf-1.02]\',f,t,\'(0.5-2.5]\',t,g,\'(105-inf)\',\'(-inf-492]\',n
617,b,\'(-inf-38.96]\',\'(-inf-4.2075]\',u,g,i,v,\'(1.02-inf)\',f,t,\'(0.5-2.5]\',t,g,\'(105-inf)\',\'(-inf-492]\',n
618,b,\'(-inf-38.96]\',\'(4.2075-inf)\',y,p,ff,ff,\'(-inf-1.02]\',f,t,\'(0.5-2.5]\',f,g,\'(105-inf)\',\'(-inf-492]\',n
619,b,\'(-inf-38.96]\',\'(4.2075-inf)\',u,g,m,v,\'(1.02-inf)\',f,t,\'(0.5-2.5]\',t,g,\'(105-inf)\',\'(-inf-492]\',n
620,b,\'(-inf-38.96]\',\'(4.2075-inf)\',y,p,aa,v,\'(-inf-1.02]\',t,f,\'(-inf-0.5]\',f,g,\'(105-inf)\',\'(-inf-492]\',n
621,b,\'(-inf-38.96]\',\'(-inf-4.2075]\',u,g,i,v,\'(-inf-1.02]\',f,f,\'(-inf-0.5]\',f,g,\'(105-inf)\',\'(-inf-492]\',n
622,b,\'(-inf-38.96]\',\'(-inf-4.2075]\',u,g,c,j,\'(1.02-inf)\',f,f,\'(-inf-0.5]\',t,s,\'(-inf-105]\',\'(-inf-492]\',y
623,a,\'(-inf-38.96]\',\'(-inf-4.2075]\',missing,missing,missing,missing,\'(-inf-1.02]\',f,f,\'(-inf-0.5]\',f,p,missing,\'(-inf-492]\',y
624,b,\'(-inf-38.96]\',\'(-inf-4.2075]\',u,g,q,v,\'(-inf-1.02]\',f,f,\'(-inf-0.5]\',f,g,\'(105-inf)\',\'(-inf-492]\',n
625,b,\'(-inf-38.96]\',\'(-inf-4.2075]\',y,p,cc,v,\'(-inf-1.02]\',f,f,\'(-inf-0.5]\',f,g,\'(105-inf)\',\'(-inf-492]\',n
626,b,\'(-inf-38.96]\',\'(4.2075-inf)\',u,g,c,v,\'(1.02-inf)\',f,f,\'(-inf-0.5]\',f,s,\'(-inf-105]\',\'(-inf-492]\',n
627,b,\'(-inf-38.96]\',\'(4.2075-inf)\',y,p,i,bb,\'(-inf-1.02]\',f,f,\'(-inf-0.5]\',t,g,missing,\'(-inf-492]\',n
628,b,\'(-inf-38.96]\',\'(-inf-4.2075]\',u,g,ff,ff,\'(-inf-1.02]\',f,f,\'(-inf-0.5]\',f,g,\'(-inf-105]\',\'(492-inf)\',n
629,b,\'(-inf-38.96]\',\'(4.2075-inf)\',u,g,d,h,\'(-inf-1.02]\',f,f,\'(-inf-0.5]\',f,g,\'(105-inf)\',\'(-inf-492]\',n
630,a,\'(-inf-38.96]\',\'(-inf-4.2075]\',u,g,w,v,\'(1.02-inf)\',f,f,\'(-inf-0.5]\',f,g,\'(105-inf)\',\'(-inf-492]\',n
631,a,\'(-inf-38.96]\',\'(-inf-4.2075]\',u,g,q,v,\'(-inf-1.02]\',f,f,\'(-inf-0.5]\',t,g,\'(105-inf)\',\'(492-inf)\',n
632,a,\'(-inf-38.96]\',\'(-inf-4.2075]\',u,g,m,h,\'(-inf-1.02]\',f,t,\'(0.5-2.5]\',t,g,\'(105-inf)\',\'(-inf-492]\',n
633,a,\'(-inf-38.96]\',\'(-inf-4.2075]\',u,g,ff,ff,\'(-inf-1.02]\',f,f,\'(-inf-0.5]\',f,g,\'(-inf-105]\',\'(-inf-492]\',n
634,b,\'(-inf-38.96]\',\'(-inf-4.2075]\',y,p,k,ff,\'(-inf-1.02]\',f,f,\'(-inf-0.5]\',f,g,\'(105-inf)\',\'(-inf-492]\',n
635,a,\'(-inf-38.96]\',\'(-inf-4.2075]\',u,g,w,v,\'(-inf-1.02]\',f,t,\'(0.5-2.5]\',t,g,\'(105-inf)\',\'(-inf-492]\',n
636,b,\'(-inf-38.96]\',\'(-inf-4.2075]\',u,g,c,n,\'(-inf-1.02]\',f,t,\'(0.5-2.5]\',t,g,\'(105-inf)\',\'(492-inf)\',n
637,b,\'(38.96-inf)\',\'(-inf-4.2075]\',y,p,m,v,\'(-inf-1.02]\',f,f,\'(-inf-0.5]\',t,g,\'(105-inf)\',\'(-inf-492]\',n
638,b,\'(-inf-38.96]\',\'(4.2075-inf)\',u,g,aa,v,\'(-inf-1.02]\',f,f,\'(-inf-0.5]\',f,g,\'(-inf-105]\',\'(-inf-492]\',n
639,b,\'(-inf-38.96]\',\'(-inf-4.2075]\',u,g,aa,v,\'(-inf-1.02]\',f,f,\'(-inf-0.5]\',t,g,\'(-inf-105]\',\'(-inf-492]\',n
640,b,\'(-inf-38.96]\',\'(-inf-4.2075]\',u,g,k,v,\'(1.02-inf)\',f,f,\'(-inf-0.5]\',t,g,\'(105-inf)\',\'(-inf-492]\',n
641,b,\'(-inf-38.96]\',\'(-inf-4.2075]\',u,g,i,bb,\'(1.02-inf)\',f,f,\'(-inf-0.5]\',t,g,\'(105-inf)\',\'(-inf-492]\',n
642,missing,\'(-inf-38.96]\',\'(-inf-4.2075]\',y,p,cc,v,\'(1.02-inf)\',f,f,\'(-inf-0.5]\',t,g,\'(105-inf)\',\'(-inf-492]\',n
643,b,\'(-inf-38.96]\',\'(-inf-4.2075]\',y,p,aa,v,\'(1.02-inf)\',f,f,\'(-inf-0.5]\',t,g,\'(105-inf)\',\'(-inf-492]\',n
644,a,\'(38.96-inf)\',\'(4.2075-inf)\',u,g,aa,h,\'(1.02-inf)\',f,f,\'(-inf-0.5]\',f,g,\'(-inf-105]\',\'(-inf-492]\',n
645,b,\'(-inf-38.96]\',\'(-inf-4.2075]\',y,p,w,v,\'(-inf-1.02]\',f,f,\'(-inf-0.5]\',t,g,\'(105-inf)\',\'(-inf-492]\',n
646,b,\'(-inf-38.96]\',\'(-inf-4.2075]\',u,g,cc,v,\'(-inf-1.02]\',f,f,\'(-inf-0.5]\',t,g,\'(-inf-105]\',\'(492-inf)\',n
647,a,\'(-inf-38.96]\',\'(4.2075-inf)\',u,g,c,v,\'(-inf-1.02]\',f,f,\'(-inf-0.5]\',f,g,\'(-inf-105]\',\'(-inf-492]\',n
648,b,\'(-inf-38.96]\',\'(4.2075-inf)\',u,g,aa,v,\'(-inf-1.02]\',f,f,\'(-inf-0.5]\',t,g,\'(-inf-105]\',\'(-inf-492]\',n
649,b,\'(-inf-38.96]\',\'(-inf-4.2075]\',u,g,k,h,\'(1.02-inf)\',f,f,\'(-inf-0.5]\',t,g,\'(105-inf)\',\'(-inf-492]\',n
650,a,\'(-inf-38.96]\',\'(-inf-4.2075]\',u,g,ff,ff,\'(-inf-1.02]\',f,t,\'(2.5-inf)\',f,g,\'(-inf-105]\',\'(-inf-492]\',n
651,b,\'(38.96-inf)\',\'(-inf-4.2075]\',u,g,i,bb,\'(-inf-1.02]\',f,f,\'(-inf-0.5]\',f,g,\'(-inf-105]\',\'(-inf-492]\',n
652,a,\'(-inf-38.96]\',\'(4.2075-inf)\',u,g,q,v,\'(-inf-1.02]\',f,t,\'(0.5-2.5]\',t,g,\'(-inf-105]\',\'(-inf-492]\',n
653,a,\'(-inf-38.96]\',\'(-inf-4.2075]\',u,g,i,v,\'(-inf-1.02]\',f,f,\'(-inf-0.5]\',t,s,\'(105-inf)\',\'(-inf-492]\',n
654,b,\'(-inf-38.96]\',\'(4.2075-inf)\',u,g,i,v,\'(-inf-1.02]\',t,f,\'(-inf-0.5]\',t,g,\'(-inf-105]\',\'(-inf-492]\',n
655,a,\'(-inf-38.96]\',\'(-inf-4.2075]\',u,g,q,v,\'(-inf-1.02]\',f,t,\'(0.5-2.5]\',t,g,\'(105-inf)\',\'(-inf-492]\',n
656,a,\'(-inf-38.96]\',\'(4.2075-inf)\',y,p,ff,ff,\'(-inf-1.02]\',f,f,\'(-inf-0.5]\',f,g,\'(-inf-105]\',\'(-inf-492]\',n
657,b,\'(-inf-38.96]\',\'(-inf-4.2075]\',u,g,c,h,\'(1.02-inf)\',f,t,\'(0.5-2.5]\',t,g,\'(105-inf)\',\'(-inf-492]\',n
658,a,\'(-inf-38.96]\',\'(-inf-4.2075]\',u,g,aa,v,\'(-inf-1.02]\',f,f,\'(-inf-0.5]\',f,g,\'(-inf-105]\',\'(-inf-492]\',n
659,a,\'(-inf-38.96]\',\'(-inf-4.2075]\',u,g,c,v,\'(-inf-1.02]\',f,f,\'(-inf-0.5]\',f,g,\'(105-inf)\',\'(-inf-492]\',n
660,a,\'(-inf-38.96]\',\'(-inf-4.2075]\',u,g,c,v,\'(-inf-1.02]\',f,t,\'(0.5-2.5]\',t,g,\'(-inf-105]\',\'(-inf-492]\',n
661,b,\'(-inf-38.96]\',\'(4.2075-inf)\',u,g,aa,v,\'(-inf-1.02]\',f,f,\'(-inf-0.5]\',f,g,\'(-inf-105]\',\'(-inf-492]\',n
662,b,\'(-inf-38.96]\',\'(-inf-4.2075]\',u,g,c,v,\'(-inf-1.02]\',f,f,\'(-inf-0.5]\',f,g,\'(105-inf)\',\'(-inf-492]\',n
663,a,\'(-inf-38.96]\',\'(-inf-4.2075]\',u,g,w,v,\'(-inf-1.02]\',f,f,\'(-inf-0.5]\',t,g,\'(105-inf)\',\'(-inf-492]\',n
664,b,\'(-inf-38.96]\',\'(-inf-4.2075]\',y,p,cc,v,\'(1.02-inf)\',f,f,\'(-inf-0.5]\',t,g,\'(105-inf)\',\'(-inf-492]\',n
665,b,\'(-inf-38.96]\',\'(-inf-4.2075]\',y,p,w,v,\'(-inf-1.02]\',f,f,\'(-inf-0.5]\',f,s,\'(105-inf)\',\'(-inf-492]\',n
666,b,\'(-inf-38.96]\',\'(-inf-4.2075]\',y,p,m,v,\'(-inf-1.02]\',f,f,\'(-inf-0.5]\',f,g,\'(-inf-105]\',\'(-inf-492]\',n
667,a,\'(-inf-38.96]\',\'(4.2075-inf)\',u,g,c,v,\'(-inf-1.02]\',f,f,\'(-inf-0.5]\',t,g,\'(105-inf)\',\'(-inf-492]\',n
668,a,\'(-inf-38.96]\',\'(-inf-4.2075]\',u,g,c,v,\'(1.02-inf)\',f,t,\'(0.5-2.5]\',t,g,\'(-inf-105]\',\'(-inf-492]\',n
669,b,\'(-inf-38.96]\',\'(-inf-4.2075]\',u,g,d,h,\'(-inf-1.02]\',f,f,\'(-inf-0.5]\',t,s,\'(105-inf)\',\'(-inf-492]\',n
670,b,\'(38.96-inf)\',\'(-inf-4.2075]\',y,p,ff,ff,\'(1.02-inf)\',f,f,\'(-inf-0.5]\',f,g,\'(105-inf)\',\'(-inf-492]\',n
671,b,\'(38.96-inf)\',\'(4.2075-inf)\',u,g,w,v,\'(1.02-inf)\',f,f,\'(-inf-0.5]\',f,g,\'(105-inf)\',\'(-inf-492]\',n
672,b,\'(-inf-38.96]\',\'(4.2075-inf)\',u,g,cc,v,\'(-inf-1.02]\',f,f,\'(-inf-0.5]\',f,g,\'(-inf-105]\',\'(-inf-492]\',n
673,a,\'(38.96-inf)\',\'(-inf-4.2075]\',u,g,aa,v,\'(-inf-1.02]\',f,f,\'(-inf-0.5]\',t,g,\'(105-inf)\',\'(-inf-492]\',n
674,missing,\'(-inf-38.96]\',\'(-inf-4.2075]\',y,p,e,h,\'(1.02-inf)\',f,f,\'(-inf-0.5]\',f,g,\'(105-inf)\',\'(-inf-492]\',n
675,a,\'(-inf-38.96]\',\'(-inf-4.2075]\',u,g,i,h,\'(-inf-1.02]\',f,f,\'(-inf-0.5]\',f,g,\'(105-inf)\',\'(-inf-492]\',n
676,a,\'(38.96-inf)\',\'(-inf-4.2075]\',u,g,aa,v,\'(-inf-1.02]\',f,f,\'(-inf-0.5]\',f,g,\'(105-inf)\',\'(-inf-492]\',n
677,a,\'(-inf-38.96]\',\'(4.2075-inf)\',u,g,q,h,\'(-inf-1.02]\',f,t,\'(2.5-inf)\',t,g,\'(105-inf)\',\'(-inf-492]\',n
678,b,\'(-inf-38.96]\',\'(4.2075-inf)\',u,g,m,v,\'(-inf-1.02]\',f,t,\'(0.5-2.5]\',f,g,\'(-inf-105]\',\'(-inf-492]\',n
679,a,\'(-inf-38.96]\',\'(4.2075-inf)\',u,g,ff,ff,\'(-inf-1.02]\',f,f,\'(-inf-0.5]\',f,g,\'(-inf-105]\',\'(-inf-492]\',n
680,a,\'(-inf-38.96]\',\'(-inf-4.2075]\',u,g,c,v,\'(-inf-1.02]\',f,f,\'(-inf-0.5]\',f,g,\'(-inf-105]\',\'(-inf-492]\',n
681,b,\'(-inf-38.96]\',\'(-inf-4.2075]\',u,g,k,v,\'(-inf-1.02]\',f,f,\'(-inf-0.5]\',f,g,\'(105-inf)\',\'(-inf-492]\',n
682,b,\'(-inf-38.96]\',\'(-inf-4.2075]\',y,p,d,h,\'(1.02-inf)\',f,f,\'(-inf-0.5]\',f,g,\'(105-inf)\',\'(492-inf)\',n
683,b,\'(-inf-38.96]\',\'(-inf-4.2075]\',u,g,i,v,\'(-inf-1.02]\',f,f,\'(-inf-0.5]\',t,g,\'(105-inf)\',\'(-inf-492]\',n
684,b,\'(-inf-38.96]\',\'(-inf-4.2075]\',y,p,d,v,\'(-inf-1.02]\',f,f,\'(-inf-0.5]\',f,g,\'(105-inf)\',\'(-inf-492]\',n
685,b,\'(38.96-inf)\',\'(-inf-4.2075]\',u,g,m,v,\'(1.02-inf)\',f,f,\'(-inf-0.5]\',t,s,\'(105-inf)\',\'(-inf-492]\',n
686,b,\'(-inf-38.96]\',\'(4.2075-inf)\',y,p,e,h,\'(1.02-inf)\',f,f,\'(-inf-0.5]\',f,g,\'(105-inf)\',\'(-inf-492]\',n
687,a,\'(-inf-38.96]\',\'(-inf-4.2075]\',u,g,c,v,\'(1.02-inf)\',f,t,\'(0.5-2.5]\',t,g,\'(105-inf)\',\'(-inf-492]\',n
688,a,\'(-inf-38.96]\',\'(4.2075-inf)\',y,p,ff,ff,\'(1.02-inf)\',f,t,\'(0.5-2.5]\',t,g,\'(105-inf)\',\'(-inf-492]\',n
689,b,\'(-inf-38.96]\',\'(-inf-4.2075]\',u,g,aa,v,\'(-inf-1.02]\',f,f,\'(-inf-0.5]\',f,g,\'(105-inf)\',\'(492-inf)\',n
690,b,\'(-inf-38.96]\',\'(-inf-4.2075]\',u,g,c,h,\'(1.02-inf)\',f,f,\'(-inf-0.5]\',t,g,\'(-inf-105]\',\'(-inf-492]\',n